MATNR,MAKTX,GENERIC,STRENGTH,MEINS,VED,ABC,FSN,RAUBE,XCHPF,FORM_ID,SOURCE,SOURCE_URL,FETCHED_AT,IS_PROXY
M100001,ADRENALINE 1 MG/ML INJECTION,Adrenaline,1 mg/mL,ML,V,C,S,AMBIENT,X,ADRENALINE-6742CFF2,synth_hospital seed 20260927,,2026-09-25T00:00:00Z,SYNTH
M100002,AMLODIPINE 5 MG TABLET,Amlodipine,5 mg,EA,E,C,F,AMBIENT,X,AMLODIPINE-B4311439,synth_hospital seed 20260927,,2026-09-25T00:00:00Z,SYNTH
M100003,AMOXICILLIN 500 MG CAPSULE,Amoxicillin,500 mg,EA,E,B,F,AMBIENT,X,AMOXICILLIN-0D6327FE,synth_hospital seed 20260927,,2026-09-25T00:00:00Z,SYNTH
M100004,AMPICILLIN 500 MG POWDER FOR INJECTION,Ampicillin,500 mg,EA,V,C,N,AMBIENT,X,AMPICILLIN-0FB71DE1,synth_hospital seed 20260927,,2026-09-25T00:00:00Z,SYNTH
M100005,ANTI-TETANUS IMMUNOGLOBULIN (500 IU) AS LICENSED,Anti-Tetanus Immunoglobulin,(500 IU),EA,V,A,N,COLD 2-8C,X,ANTI-TETANUS-IMMUNOGLOBU-7F67B0A3,synth_hospital seed 20260927,,2026-09-25T00:00:00Z,SYNTH
M100006,ANTI-TETANUS IMMUNOGLOBULIN (250 IU) AS LICENSED,Anti-Tetanus Immunoglobulin,(250 IU),EA,V,B,N,COLD 2-8C,X,ANTI-TETANUS-IMMUNOGLOBU-D77E974E,synth_hospital seed 20260927,,2026-09-25T00:00:00Z,SYNTH
M100007,ASCORBIC ACID (VITAMINC) 500 MG TABLET,Ascorbic Acid (Vitaminc),500 mg,EA,D,C,S,AMBIENT,X,ASCORBIC-ACID-VITAMINC-76AF4E47,synth_hospital seed 20260927,,2026-09-25T00:00:00Z,SYNTH
M100008,ATROPINE 0.6 MG/ML INJECTION,Atropine,0.6 mg/mL,ML,V,C,S,AMBIENT,X,ATROPINE-6BCEA471,synth_hospital seed 20260927,,2026-09-25T00:00:00Z,SYNTH
M100009,BCG VACCINE  AS LICENSED,BCG Vaccine,,EA,V,C,N,COLD 2-8C,X,BCG-VACCINE-961273DA,synth_hospital seed 20260927,,2026-09-25T00:00:00Z,SYNTH
M100010,BENZYL PENICILLIN 10 LAC UNITS POWDER FOR INJECTION,Benzyl Penicillin,10 Lac Units,EA,V,C,N,AMBIENT,X,BENZYL-PENICILLIN-86CA1B40,synth_hospital seed 20260927,,2026-09-25T00:00:00Z,SYNTH
M100011,BUDESONIDE 0.5 MG/ML RESPIRATOR SOLUTION FOR USE IN NEBULIZER,Budesonide,0.5 mg/mL,ML,E,C,N,AMBIENT,X,BUDESONIDE-F59CE74F,synth_hospital seed 20260927,,2026-09-25T00:00:00Z,SYNTH
M100012,CARBOPLATIN 10 MG/ML INJECTION,Carboplatin,10 mg/mL,ML,V,C,N,AMBIENT,X,CARBOPLATIN-49C2E049,synth_hospital seed 20260927,,2026-09-25T00:00:00Z,SYNTH
M100013,CEFADROXIL 500 MG TABLET,Cefadroxil,500 mg,EA,E,C,S,AMBIENT,X,CEFADROXIL-6BAADD66,synth_hospital seed 20260927,,2026-09-25T00:00:00Z,SYNTH
M100014,CHLOROQUINE 150 MG TABLET,Chloroquine,150 mg,EA,E,C,F,AMBIENT,X,CHLOROQUINE-0E9C6F84,synth_hospital seed 20260927,,2026-09-25T00:00:00Z,SYNTH
M100015,CISPLATIN 1 MG/ML INJECTION,Cisplatin,1 mg/mL,ML,V,C,N,AMBIENT,X,CISPLATIN-1C3AF2A6,synth_hospital seed 20260927,,2026-09-25T00:00:00Z,SYNTH
M100016,CO-TRIMOXAZOLE [SULPHAMETHOXAZOLE (A) + TRIMETHOPRIM(B)] 400 MG (A) + 80 MG (B) TABLET,Co-Trimoxazole [Sulphamethoxazole (A) + Trimethoprim(B)],400 mg (A) + 80 mg (B),EA,E,C,F,AMBIENT,X,CO-TRIMOXAZOLE-SULPHAMET-933D8B76,synth_hospital seed 20260927,,2026-09-25T00:00:00Z,SYNTH
M100017,DAPSONE 100 MG TABLET,Dapsone,100 mg,EA,D,C,F,AMBIENT,X,DAPSONE-9EAD7BD9,synth_hospital seed 20260927,,2026-09-25T00:00:00Z,SYNTH
M100018,DESFERRIOXAMINE 500 MG POWDER FOR INJECTION,Desferrioxamine,500 mg,EA,V,B,N,AMBIENT,X,DESFERRIOXAMINE-D4E309B9,synth_hospital seed 20260927,,2026-09-25T00:00:00Z,SYNTH
M100019,DIGOXIN 0.25 MG TABLET,Digoxin,0.25 mg,EA,E,C,S,AMBIENT,X,DIGOXIN-905411CD,synth_hospital seed 20260927,,2026-09-25T00:00:00Z,SYNTH
M100020,DOXYCYCLINE 100 MG CAPSULE,Doxycycline,100 mg,EA,E,C,F,AMBIENT,X,DOXYCYCLINE-565014F8,synth_hospital seed 20260927,,2026-09-25T00:00:00Z,SYNTH
M100021,FUROSEMIDE 10 MG/ML INJECTION,Furosemide,10 mg/mL,ML,V,C,S,AMBIENT,X,FUROSEMIDE-AB0E6076,synth_hospital seed 20260927,,2026-09-25T00:00:00Z,SYNTH
M100022,GENTAMICIN 40 MG/ML (2 ML) INJECTION,Gentamicin,40 mg/mL (2 mL),ML,V,C,S,AMBIENT,X,GENTAMICIN-BC45877A,synth_hospital seed 20260927,,2026-09-25T00:00:00Z,SYNTH
M100023,HEPARIN 5000 IU/ML INJECTION,Heparin,5000 IU/mL,ML,V,B,S,AMBIENT,X,HEPARIN-5C85406B,synth_hospital seed 20260927,,2026-09-25T00:00:00Z,SYNTH
M100024,ISONIAZID 300 MG TABLET,Isoniazid,300 mg,EA,E,C,F,AMBIENT,X,ISONIAZID-807E2A29,synth_hospital seed 20260927,,2026-09-25T00:00:00Z,SYNTH
M100025,ISOSORBIDE DINITRATE 5 MG TABLET,Isosorbide Dinitrate,5 mg,EA,E,C,F,AMBIENT,X,ISOSORBIDE-DINITRATE-9935B6B6,synth_hospital seed 20260927,,2026-09-25T00:00:00Z,SYNTH
M100026,LITHIUM 300 MG TABLET,Lithium,300 mg,EA,D,C,S,AMBIENT,X,LITHIUM-2AA5768E,synth_hospital seed 20260927,,2026-09-25T00:00:00Z,SYNTH
M100027,MEASLES RUBELLA VACCINE  AS LICENSED,Measles Rubella Vaccine,,EA,V,C,N,COLD 2-8C,X,MEASLES-RUBELLA-VACCINE-167F0074,synth_hospital seed 20260927,,2026-09-25T00:00:00Z,SYNTH
M100028,MEASLES VACCINE  AS LICENSED,Measles Vaccine,,EA,V,C,N,COLD 2-8C,X,MEASLES-VACCINE-94806A0B,synth_hospital seed 20260927,,2026-09-25T00:00:00Z,SYNTH
M100029,METRONIDAZOLE 400 MG TABLET,Metronidazole,400 mg,EA,E,C,F,AMBIENT,X,METRONIDAZOLE-013A41E8,synth_hospital seed 20260927,,2026-09-25T00:00:00Z,SYNTH
M100030,OXYTOCIN 10 IU/ML INJECTION,Oxytocin,10 IU/mL,ML,V,B,S,COLD 2-8C,X,OXYTOCIN-8920711D,synth_hospital seed 20260927,,2026-09-25T00:00:00Z,SYNTH
M100031,PILOCARPINE 2 % DROPS,Pilocarpine,2 %,ML,D,C,S,AMBIENT,X,PILOCARPINE-9BF60519,synth_hospital seed 20260927,,2026-09-25T00:00:00Z,SYNTH
M100032,PRIMAQUINE 7.5 MG TABLET,Primaquine,7.5 mg,EA,E,C,F,AMBIENT,X,PRIMAQUINE-425B0622,synth_hospital seed 20260927,,2026-09-25T00:00:00Z,SYNTH
M100033,PYRAZINAMIDE 500 MG TABLET,Pyrazinamide,500 mg,EA,E,C,F,AMBIENT,X,PYRAZINAMIDE-922547E8,synth_hospital seed 20260927,,2026-09-25T00:00:00Z,SYNTH
M100034,QUININE 300 MG/ML INJECTION,Quinine,300 mg/mL,ML,V,C,S,AMBIENT,X,QUININE-0C5A96AE,synth_hospital seed 20260927,,2026-09-25T00:00:00Z,SYNTH
M100035,RIFAMPICIN 450 MG CAPSULE,Rifampicin,450 mg,EA,E,C,F,AMBIENT,X,RIFAMPICIN-582E5DF4,synth_hospital seed 20260927,,2026-09-25T00:00:00Z,SYNTH
M100036,SALBUTAMOL 4 MG TABLET,Salbutamol,4 mg,EA,E,C,F,AMBIENT,X,SALBUTAMOL-4E228030,synth_hospital seed 20260927,,2026-09-25T00:00:00Z,SYNTH
M100037,SALBUTAMOL 5 MG/ML RESPIRATOR SOLUTION (SOLUTION FOR NEBULIZER),Salbutamol,5 mg/mL,ML,E,C,S,AMBIENT,X,SALBUTAMOL-98EC1949,synth_hospital seed 20260927,,2026-09-25T00:00:00Z,SYNTH
M100038,SALBUTAMOL 2 MG TABLET,Salbutamol,2 mg,EA,E,C,F,AMBIENT,X,SALBUTAMOL-F30AE0F7,synth_hospital seed 20260927,,2026-09-25T00:00:00Z,SYNTH
M100039,STREPTOMYCIN 750 MG POWDER FOR INJECTION,Streptomycin,750 mg,EA,V,C,N,AMBIENT,X,STREPTOMYCIN-4A70DA8C,synth_hospital seed 20260927,,2026-09-25T00:00:00Z,SYNTH
M100040,STREPTOMYCIN 1000 MG POWDER FOR INJECTION,Streptomycin,1000 mg,EA,V,C,N,AMBIENT,X,STREPTOMYCIN-D2FA81E6,synth_hospital seed 20260927,,2026-09-25T00:00:00Z,SYNTH
