EBELN,BSART,LIFNR,BEDAT,WAERS,SOURCE,SOURCE_URL,FETCHED_AT,IS_PROXY
4500000001,NB,V100005,2025-03-24,INR,synth_hospital seed 20260927,,2026-09-25T00:00:00Z,SYNTH
4500000002,NB,V100005,2025-05-12,INR,synth_hospital seed 20260927,,2026-09-25T00:00:00Z,SYNTH
4500000003,NB,V100005,2025-07-14,INR,synth_hospital seed 20260927,,2026-09-25T00:00:00Z,SYNTH
4500000004,NB,V100004,2025-09-15,INR,synth_hospital seed 20260927,,2026-09-25T00:00:00Z,SYNTH
4500000005,NB,V100005,2025-11-24,INR,synth_hospital seed 20260927,,2026-09-25T00:00:00Z,SYNTH
4500000006,NB,V100005,2026-01-26,INR,synth_hospital seed 20260927,,2026-09-25T00:00:00Z,SYNTH
4500000007,NB,V100005,2026-03-23,INR,synth_hospital seed 20260927,,2026-09-25T00:00:00Z,SYNTH
4500000008,NB,V100005,2026-05-18,INR,synth_hospital seed 20260927,,2026-09-25T00:00:00Z,SYNTH
4500000009,NB,V100005,2026-07-13,INR,synth_hospital seed 20260927,,2026-09-25T00:00:00Z,SYNTH
4500000010,NB,V100005,2026-09-14,INR,synth_hospital seed 20260927,,2026-09-25T00:00:00Z,SYNTH
4500000011,NB,V100001,2025-03-24,INR,synth_hospital seed 20260927,,2026-09-25T00:00:00Z,SYNTH
4500000012,NB,V100001,2025-05-12,INR,synth_hospital seed 20260927,,2026-09-25T00:00:00Z,SYNTH
4500000013,NB,V100001,2025-07-07,INR,synth_hospital seed 20260927,,2026-09-25T00:00:00Z,SYNTH
4500000014,NB,V100001,2025-09-08,INR,synth_hospital seed 20260927,,2026-09-25T00:00:00Z,SYNTH
4500000015,NB,V100001,2025-11-10,INR,synth_hospital seed 20260927,,2026-09-25T00:00:00Z,SYNTH
4500000016,NB,V100001,2026-01-12,INR,synth_hospital seed 20260927,,2026-09-25T00:00:00Z,SYNTH
4500000017,NB,V100003,2026-03-09,INR,synth_hospital seed 20260927,,2026-09-25T00:00:00Z,SYNTH
4500000018,NB,V100001,2026-04-27,INR,synth_hospital seed 20260927,,2026-09-25T00:00:00Z,SYNTH
4500000019,NB,V100001,2026-06-22,INR,synth_hospital seed 20260927,,2026-09-25T00:00:00Z,SYNTH
4500000020,NB,V100003,2026-08-24,INR,synth_hospital seed 20260927,,2026-09-25T00:00:00Z,SYNTH
4500000021,NB,V100001,2025-03-24,INR,synth_hospital seed 20260927,,2026-09-25T00:00:00Z,SYNTH
4500000022,NB,V100001,2025-05-12,INR,synth_hospital seed 20260927,,2026-09-25T00:00:00Z,SYNTH
4500000023,NB,V100001,2025-07-07,INR,synth_hospital seed 20260927,,2026-09-25T00:00:00Z,SYNTH
4500000024,NB,V100005,2025-09-08,INR,synth_hospital seed 20260927,,2026-09-25T00:00:00Z,SYNTH
4500000025,NB,V100005,2025-11-17,INR,synth_hospital seed 20260927,,2026-09-25T00:00:00Z,SYNTH
4500000026,NB,V100001,2026-01-19,INR,synth_hospital seed 20260927,,2026-09-25T00:00:00Z,SYNTH
4500000027,NB,V100001,2026-03-09,INR,synth_hospital seed 20260927,,2026-09-25T00:00:00Z,SYNTH
4500000028,NB,V100001,2026-05-04,INR,synth_hospital seed 20260927,,2026-09-25T00:00:00Z,SYNTH
4500000029,NB,V100001,2026-06-29,INR,synth_hospital seed 20260927,,2026-09-25T00:00:00Z,SYNTH
4500000030,NB,V100005,2026-08-31,INR,synth_hospital seed 20260927,,2026-09-25T00:00:00Z,SYNTH
4500000031,NB,V100001,2025-03-24,INR,synth_hospital seed 20260927,,2026-09-25T00:00:00Z,SYNTH
4500000032,NB,V100001,2025-05-12,INR,synth_hospital seed 20260927,,2026-09-25T00:00:00Z,SYNTH
4500000033,NB,V100003,2025-07-07,INR,synth_hospital seed 20260927,,2026-09-25T00:00:00Z,SYNTH
4500000034,NB,V100001,2025-09-08,INR,synth_hospital seed 20260927,,2026-09-25T00:00:00Z,SYNTH
4500000035,NB,V100001,2025-11-17,INR,synth_hospital seed 20260927,,2026-09-25T00:00:00Z,SYNTH
4500000036,NB,V100001,2026-01-19,INR,synth_hospital seed 20260927,,2026-09-25T00:00:00Z,SYNTH
4500000037,NB,V100001,2026-03-16,INR,synth_hospital seed 20260927,,2026-09-25T00:00:00Z,SYNTH
4500000038,NB,V100001,2026-05-11,INR,synth_hospital seed 20260927,,2026-09-25T00:00:00Z,SYNTH
4500000039,NB,V100001,2026-07-06,INR,synth_hospital seed 20260927,,2026-09-25T00:00:00Z,SYNTH
4500000040,NB,V100003,2026-09-14,INR,synth_hospital seed 20260927,,2026-09-25T00:00:00Z,SYNTH
4500000041,NB,V100001,2025-03-24,INR,synth_hospital seed 20260927,,2026-09-25T00:00:00Z,SYNTH
4500000042,NB,V100006,2025-05-12,INR,synth_hospital seed 20260927,,2026-09-25T00:00:00Z,SYNTH
4500000043,NB,V100006,2025-07-07,INR,synth_hospital seed 20260927,,2026-09-25T00:00:00Z,SYNTH
4500000044,NB,V100006,2025-09-08,INR,synth_hospital seed 20260927,,2026-09-25T00:00:00Z,SYNTH
4500000045,NB,V100001,2025-11-17,INR,synth_hospital seed 20260927,,2026-09-25T00:00:00Z,SYNTH
4500000046,NB,V100001,2026-01-19,INR,synth_hospital seed 20260927,,2026-09-25T00:00:00Z,SYNTH
4500000047,NB,V100001,2026-03-09,INR,synth_hospital seed 20260927,,2026-09-25T00:00:00Z,SYNTH
4500000048,NB,V100001,2026-05-04,INR,synth_hospital seed 20260927,,2026-09-25T00:00:00Z,SYNTH
4500000049,NB,V100001,2026-06-29,INR,synth_hospital seed 20260927,,2026-09-25T00:00:00Z,SYNTH
4500000050,NB,V100001,2026-09-07,INR,synth_hospital seed 20260927,,2026-09-25T00:00:00Z,SYNTH
4500000051,NB,V100002,2025-03-24,INR,synth_hospital seed 20260927,,2026-09-25T00:00:00Z,SYNTH
4500000052,NB,V100006,2025-05-05,INR,synth_hospital seed 20260927,,2026-09-25T00:00:00Z,SYNTH
4500000053,NB,V100006,2025-06-30,INR,synth_hospital seed 20260927,,2026-09-25T00:00:00Z,SYNTH
4500000054,NB,V100006,2025-09-01,INR,synth_hospital seed 20260927,,2026-09-25T00:00:00Z,SYNTH
4500000055,NB,V100002,2025-11-10,INR,synth_hospital seed 20260927,,2026-09-25T00:00:00Z,SYNTH
4500000056,NB,V100002,2026-01-12,INR,synth_hospital seed 20260927,,2026-09-25T00:00:00Z,SYNTH
4500000057,NB,V100001,2026-03-09,INR,synth_hospital seed 20260927,,2026-09-25T00:00:00Z,SYNTH
4500000058,NB,V100001,2026-05-04,INR,synth_hospital seed 20260927,,2026-09-25T00:00:00Z,SYNTH
4500000059,NB,V100001,2026-06-29,INR,synth_hospital seed 20260927,,2026-09-25T00:00:00Z,SYNTH
4500000060,NB,V100001,2026-08-31,INR,synth_hospital seed 20260927,,2026-09-25T00:00:00Z,SYNTH
4500000061,NB,V100001,2025-03-24,INR,synth_hospital seed 20260927,,2026-09-25T00:00:00Z,SYNTH
4500000062,NB,V100001,2025-05-12,INR,synth_hospital seed 20260927,,2026-09-25T00:00:00Z,SYNTH
4500000063,NB,V100001,2025-07-07,INR,synth_hospital seed 20260927,,2026-09-25T00:00:00Z,SYNTH
4500000064,NB,V100001,2025-09-08,INR,synth_hospital seed 20260927,,2026-09-25T00:00:00Z,SYNTH
4500000065,NB,V100001,2025-11-17,INR,synth_hospital seed 20260927,,2026-09-25T00:00:00Z,SYNTH
4500000066,NB,V100001,2026-01-19,INR,synth_hospital seed 20260927,,2026-09-25T00:00:00Z,SYNTH
4500000067,NB,V100001,2026-03-16,INR,synth_hospital seed 20260927,,2026-09-25T00:00:00Z,SYNTH
4500000068,NB,V100005,2026-05-04,INR,synth_hospital seed 20260927,,2026-09-25T00:00:00Z,SYNTH
4500000069,NB,V100001,2026-06-29,INR,synth_hospital seed 20260927,,2026-09-25T00:00:00Z,SYNTH
4500000070,NB,V100001,2026-08-31,INR,synth_hospital seed 20260927,,2026-09-25T00:00:00Z,SYNTH
4500000071,NB,V100005,2025-03-24,INR,synth_hospital seed 20260927,,2026-09-25T00:00:00Z,SYNTH
4500000072,NB,V100006,2025-05-12,INR,synth_hospital seed 20260927,,2026-09-25T00:00:00Z,SYNTH
4500000073,NB,V100006,2025-07-14,INR,synth_hospital seed 20260927,,2026-09-25T00:00:00Z,SYNTH
4500000074,NB,V100006,2025-09-22,INR,synth_hospital seed 20260927,,2026-09-25T00:00:00Z,SYNTH
4500000075,NB,V100001,2025-12-01,INR,synth_hospital seed 20260927,,2026-09-25T00:00:00Z,SYNTH
4500000076,NB,V100001,2026-02-02,INR,synth_hospital seed 20260927,,2026-09-25T00:00:00Z,SYNTH
4500000077,NB,V100001,2026-03-23,INR,synth_hospital seed 20260927,,2026-09-25T00:00:00Z,SYNTH
4500000078,NB,V100001,2026-05-18,INR,synth_hospital seed 20260927,,2026-09-25T00:00:00Z,SYNTH
4500000079,NB,V100005,2026-07-13,INR,synth_hospital seed 20260927,,2026-09-25T00:00:00Z,SYNTH
4500000080,NB,V100005,2026-09-21,INR,synth_hospital seed 20260927,,2026-09-25T00:00:00Z,SYNTH
4500000081,NB,V100001,2025-03-24,INR,synth_hospital seed 20260927,,2026-09-25T00:00:00Z,SYNTH
4500000082,NB,V100001,2025-05-05,INR,synth_hospital seed 20260927,,2026-09-25T00:00:00Z,SYNTH
4500000083,NB,V100001,2025-07-07,INR,synth_hospital seed 20260927,,2026-09-25T00:00:00Z,SYNTH
4500000084,NB,V100001,2025-09-08,INR,synth_hospital seed 20260927,,2026-09-25T00:00:00Z,SYNTH
4500000085,NB,V100001,2025-11-24,INR,synth_hospital seed 20260927,,2026-09-25T00:00:00Z,SYNTH
4500000086,NB,V100001,2026-01-19,INR,synth_hospital seed 20260927,,2026-09-25T00:00:00Z,SYNTH
4500000087,NB,V100002,2026-03-16,INR,synth_hospital seed 20260927,,2026-09-25T00:00:00Z,SYNTH
4500000088,NB,V100001,2026-05-11,INR,synth_hospital seed 20260927,,2026-09-25T00:00:00Z,SYNTH
4500000089,NB,V100001,2026-07-06,INR,synth_hospital seed 20260927,,2026-09-25T00:00:00Z,SYNTH
4500000090,NB,V100001,2026-09-14,INR,synth_hospital seed 20260927,,2026-09-25T00:00:00Z,SYNTH
4500000091,NB,V100006,2025-03-24,INR,synth_hospital seed 20260927,,2026-09-25T00:00:00Z,SYNTH
4500000092,NB,V100006,2025-05-19,INR,synth_hospital seed 20260927,,2026-09-25T00:00:00Z,SYNTH
4500000093,NB,V100006,2025-07-21,INR,synth_hospital seed 20260927,,2026-09-25T00:00:00Z,SYNTH
4500000094,NB,V100006,2025-09-22,INR,synth_hospital seed 20260927,,2026-09-25T00:00:00Z,SYNTH
4500000095,NB,V100005,2025-12-01,INR,synth_hospital seed 20260927,,2026-09-25T00:00:00Z,SYNTH
4500000096,NB,V100001,2026-01-26,INR,synth_hospital seed 20260927,,2026-09-25T00:00:00Z,SYNTH
4500000097,NB,V100001,2026-03-23,INR,synth_hospital seed 20260927,,2026-09-25T00:00:00Z,SYNTH
4500000098,NB,V100001,2026-05-18,INR,synth_hospital seed 20260927,,2026-09-25T00:00:00Z,SYNTH
4500000099,NB,V100001,2026-07-13,INR,synth_hospital seed 20260927,,2026-09-25T00:00:00Z,SYNTH
4500000100,NB,V100005,2026-09-21,INR,synth_hospital seed 20260927,,2026-09-25T00:00:00Z,SYNTH
4500000101,NB,V100005,2025-03-24,INR,synth_hospital seed 20260927,,2026-09-25T00:00:00Z,SYNTH
4500000102,NB,V100004,2025-05-12,INR,synth_hospital seed 20260927,,2026-09-25T00:00:00Z,SYNTH
4500000103,NB,V100005,2025-07-14,INR,synth_hospital seed 20260927,,2026-09-25T00:00:00Z,SYNTH
4500000104,NB,V100004,2025-09-08,INR,synth_hospital seed 20260927,,2026-09-25T00:00:00Z,SYNTH
4500000105,NB,V100005,2025-11-17,INR,synth_hospital seed 20260927,,2026-09-25T00:00:00Z,SYNTH
4500000106,NB,V100005,2026-01-19,INR,synth_hospital seed 20260927,,2026-09-25T00:00:00Z,SYNTH
4500000107,NB,V100004,2026-03-23,INR,synth_hospital seed 20260927,,2026-09-25T00:00:00Z,SYNTH
4500000108,NB,V100004,2026-05-18,INR,synth_hospital seed 20260927,,2026-09-25T00:00:00Z,SYNTH
4500000109,NB,V100004,2026-07-20,INR,synth_hospital seed 20260927,,2026-09-25T00:00:00Z,SYNTH
4500000110,NB,V100006,2025-03-31,INR,synth_hospital seed 20260927,,2026-09-25T00:00:00Z,SYNTH
4500000111,NB,V100006,2025-05-26,INR,synth_hospital seed 20260927,,2026-09-25T00:00:00Z,SYNTH
4500000112,NB,V100006,2025-07-28,INR,synth_hospital seed 20260927,,2026-09-25T00:00:00Z,SYNTH
4500000113,NB,V100001,2025-10-06,INR,synth_hospital seed 20260927,,2026-09-25T00:00:00Z,SYNTH
4500000114,NB,V100001,2025-12-15,INR,synth_hospital seed 20260927,,2026-09-25T00:00:00Z,SYNTH
4500000115,NB,V100001,2026-02-16,INR,synth_hospital seed 20260927,,2026-09-25T00:00:00Z,SYNTH
4500000116,NB,V100001,2026-04-06,INR,synth_hospital seed 20260927,,2026-09-25T00:00:00Z,SYNTH
4500000117,NB,V100001,2026-06-08,INR,synth_hospital seed 20260927,,2026-09-25T00:00:00Z,SYNTH
4500000118,NB,V100001,2026-08-10,INR,synth_hospital seed 20260927,,2026-09-25T00:00:00Z,SYNTH
4500000119,NB,V100002,2025-03-24,INR,synth_hospital seed 20260927,,2026-09-25T00:00:00Z,SYNTH
4500000120,NB,V100002,2025-05-12,INR,synth_hospital seed 20260927,,2026-09-25T00:00:00Z,SYNTH
4500000121,NB,V100005,2025-07-14,INR,synth_hospital seed 20260927,,2026-09-25T00:00:00Z,SYNTH
4500000122,NB,V100005,2025-09-15,INR,synth_hospital seed 20260927,,2026-09-25T00:00:00Z,SYNTH
4500000123,NB,V100005,2025-11-10,INR,synth_hospital seed 20260927,,2026-09-25T00:00:00Z,SYNTH
4500000124,NB,V100005,2026-01-12,INR,synth_hospital seed 20260927,,2026-09-25T00:00:00Z,SYNTH
4500000125,NB,V100005,2026-03-09,INR,synth_hospital seed 20260927,,2026-09-25T00:00:00Z,SYNTH
4500000126,NB,V100005,2026-05-04,INR,synth_hospital seed 20260927,,2026-09-25T00:00:00Z,SYNTH
4500000127,NB,V100005,2026-06-29,INR,synth_hospital seed 20260927,,2026-09-25T00:00:00Z,SYNTH
4500000128,NB,V100002,2026-08-31,INR,synth_hospital seed 20260927,,2026-09-25T00:00:00Z,SYNTH
4500000129,NB,V100001,2025-03-24,INR,synth_hospital seed 20260927,,2026-09-25T00:00:00Z,SYNTH
4500000130,NB,V100001,2025-05-19,INR,synth_hospital seed 20260927,,2026-09-25T00:00:00Z,SYNTH
4500000131,NB,V100001,2025-07-14,INR,synth_hospital seed 20260927,,2026-09-25T00:00:00Z,SYNTH
4500000132,NB,V100001,2025-09-22,INR,synth_hospital seed 20260927,,2026-09-25T00:00:00Z,SYNTH
4500000133,NB,V100001,2025-11-24,INR,synth_hospital seed 20260927,,2026-09-25T00:00:00Z,SYNTH
4500000134,NB,V100001,2026-01-26,INR,synth_hospital seed 20260927,,2026-09-25T00:00:00Z,SYNTH
4500000135,NB,V100001,2026-03-23,INR,synth_hospital seed 20260927,,2026-09-25T00:00:00Z,SYNTH
4500000136,NB,V100001,2026-05-11,INR,synth_hospital seed 20260927,,2026-09-25T00:00:00Z,SYNTH
4500000137,NB,V100001,2026-07-06,INR,synth_hospital seed 20260927,,2026-09-25T00:00:00Z,SYNTH
4500000138,NB,V100001,2026-09-14,INR,synth_hospital seed 20260927,,2026-09-25T00:00:00Z,SYNTH
4500000139,NB,V100001,2025-03-31,INR,synth_hospital seed 20260927,,2026-09-25T00:00:00Z,SYNTH
4500000140,NB,V100005,2025-06-02,INR,synth_hospital seed 20260927,,2026-09-25T00:00:00Z,SYNTH
4500000141,NB,V100001,2025-08-11,INR,synth_hospital seed 20260927,,2026-09-25T00:00:00Z,SYNTH
4500000142,NB,V100005,2025-10-27,INR,synth_hospital seed 20260927,,2026-09-25T00:00:00Z,SYNTH
4500000143,NB,V100005,2025-12-29,INR,synth_hospital seed 20260927,,2026-09-25T00:00:00Z,SYNTH
4500000144,NB,V100001,2026-03-02,INR,synth_hospital seed 20260927,,2026-09-25T00:00:00Z,SYNTH
4500000145,NB,V100005,2026-04-27,INR,synth_hospital seed 20260927,,2026-09-25T00:00:00Z,SYNTH
4500000146,NB,V100005,2026-06-29,INR,synth_hospital seed 20260927,,2026-09-25T00:00:00Z,SYNTH
4500000147,NB,V100001,2026-09-21,INR,synth_hospital seed 20260927,,2026-09-25T00:00:00Z,SYNTH
4500000148,NB,V100006,2025-03-24,INR,synth_hospital seed 20260927,,2026-09-25T00:00:00Z,SYNTH
4500000149,NB,V100006,2025-05-19,INR,synth_hospital seed 20260927,,2026-09-25T00:00:00Z,SYNTH
4500000150,NB,V100006,2025-07-14,INR,synth_hospital seed 20260927,,2026-09-25T00:00:00Z,SYNTH
4500000151,NB,V100003,2025-09-22,INR,synth_hospital seed 20260927,,2026-09-25T00:00:00Z,SYNTH
4500000152,NB,V100003,2025-12-01,INR,synth_hospital seed 20260927,,2026-09-25T00:00:00Z,SYNTH
4500000153,NB,V100001,2026-01-26,INR,synth_hospital seed 20260927,,2026-09-25T00:00:00Z,SYNTH
4500000154,NB,V100001,2026-03-23,INR,synth_hospital seed 20260927,,2026-09-25T00:00:00Z,SYNTH
4500000155,NB,V100001,2026-05-18,INR,synth_hospital seed 20260927,,2026-09-25T00:00:00Z,SYNTH
4500000156,NB,V100001,2026-07-13,INR,synth_hospital seed 20260927,,2026-09-25T00:00:00Z,SYNTH
4500000157,NB,V100001,2026-09-14,INR,synth_hospital seed 20260927,,2026-09-25T00:00:00Z,SYNTH
4500000158,NB,V100005,2025-03-24,INR,synth_hospital seed 20260927,,2026-09-25T00:00:00Z,SYNTH
4500000159,NB,V100005,2025-05-05,INR,synth_hospital seed 20260927,,2026-09-25T00:00:00Z,SYNTH
4500000160,NB,V100005,2025-06-30,INR,synth_hospital seed 20260927,,2026-09-25T00:00:00Z,SYNTH
4500000161,NB,V100005,2025-08-25,INR,synth_hospital seed 20260927,,2026-09-25T00:00:00Z,SYNTH
4500000162,NB,V100002,2025-11-03,INR,synth_hospital seed 20260927,,2026-09-25T00:00:00Z,SYNTH
4500000163,NB,V100005,2025-12-22,INR,synth_hospital seed 20260927,,2026-09-25T00:00:00Z,SYNTH
4500000164,NB,V100005,2026-02-16,INR,synth_hospital seed 20260927,,2026-09-25T00:00:00Z,SYNTH
4500000165,NB,V100005,2026-04-13,INR,synth_hospital seed 20260927,,2026-09-25T00:00:00Z,SYNTH
4500000166,NB,V100005,2026-06-08,INR,synth_hospital seed 20260927,,2026-09-25T00:00:00Z,SYNTH
4500000167,NB,V100002,2026-08-10,INR,synth_hospital seed 20260927,,2026-09-25T00:00:00Z,SYNTH
4500000168,NB,V100003,2025-03-24,INR,synth_hospital seed 20260927,,2026-09-25T00:00:00Z,SYNTH
4500000169,NB,V100003,2025-05-12,INR,synth_hospital seed 20260927,,2026-09-25T00:00:00Z,SYNTH
4500000170,NB,V100003,2025-07-14,INR,synth_hospital seed 20260927,,2026-09-25T00:00:00Z,SYNTH
4500000171,NB,V100003,2025-09-15,INR,synth_hospital seed 20260927,,2026-09-25T00:00:00Z,SYNTH
4500000172,NB,V100003,2025-11-17,INR,synth_hospital seed 20260927,,2026-09-25T00:00:00Z,SYNTH
4500000173,NB,V100003,2026-01-19,INR,synth_hospital seed 20260927,,2026-09-25T00:00:00Z,SYNTH
4500000174,NB,V100003,2026-03-16,INR,synth_hospital seed 20260927,,2026-09-25T00:00:00Z,SYNTH
4500000175,NB,V100003,2026-05-11,INR,synth_hospital seed 20260927,,2026-09-25T00:00:00Z,SYNTH
4500000176,NB,V100003,2026-06-29,INR,synth_hospital seed 20260927,,2026-09-25T00:00:00Z,SYNTH
4500000177,NB,V100001,2026-08-31,INR,synth_hospital seed 20260927,,2026-09-25T00:00:00Z,SYNTH
4500000178,NB,V100005,2025-03-24,INR,synth_hospital seed 20260927,,2026-09-25T00:00:00Z,SYNTH
4500000179,NB,V100006,2025-05-12,INR,synth_hospital seed 20260927,,2026-09-25T00:00:00Z,SYNTH
4500000180,NB,V100006,2025-07-07,INR,synth_hospital seed 20260927,,2026-09-25T00:00:00Z,SYNTH
4500000181,NB,V100006,2025-09-08,INR,synth_hospital seed 20260927,,2026-09-25T00:00:00Z,SYNTH
4500000182,NB,V100001,2025-11-24,INR,synth_hospital seed 20260927,,2026-09-25T00:00:00Z,SYNTH
4500000183,NB,V100001,2026-01-19,INR,synth_hospital seed 20260927,,2026-09-25T00:00:00Z,SYNTH
4500000184,NB,V100001,2026-03-16,INR,synth_hospital seed 20260927,,2026-09-25T00:00:00Z,SYNTH
4500000185,NB,V100005,2026-05-11,INR,synth_hospital seed 20260927,,2026-09-25T00:00:00Z,SYNTH
4500000186,NB,V100005,2026-07-06,INR,synth_hospital seed 20260927,,2026-09-25T00:00:00Z,SYNTH
4500000187,NB,V100001,2026-09-07,INR,synth_hospital seed 20260927,,2026-09-25T00:00:00Z,SYNTH
4500000188,NB,V100005,2025-03-24,INR,synth_hospital seed 20260927,,2026-09-25T00:00:00Z,SYNTH
4500000189,NB,V100004,2025-05-12,INR,synth_hospital seed 20260927,,2026-09-25T00:00:00Z,SYNTH
4500000190,NB,V100005,2025-07-07,INR,synth_hospital seed 20260927,,2026-09-25T00:00:00Z,SYNTH
4500000191,NB,V100004,2025-09-08,INR,synth_hospital seed 20260927,,2026-09-25T00:00:00Z,SYNTH
4500000192,NB,V100004,2025-11-17,INR,synth_hospital seed 20260927,,2026-09-25T00:00:00Z,SYNTH
4500000193,NB,V100005,2026-01-19,INR,synth_hospital seed 20260927,,2026-09-25T00:00:00Z,SYNTH
4500000194,NB,V100004,2026-03-16,INR,synth_hospital seed 20260927,,2026-09-25T00:00:00Z,SYNTH
4500000195,NB,V100005,2026-05-11,INR,synth_hospital seed 20260927,,2026-09-25T00:00:00Z,SYNTH
4500000196,NB,V100004,2026-07-06,INR,synth_hospital seed 20260927,,2026-09-25T00:00:00Z,SYNTH
4500000197,NB,V100005,2026-09-14,INR,synth_hospital seed 20260927,,2026-09-25T00:00:00Z,SYNTH
4500000198,NB,V100004,2025-03-24,INR,synth_hospital seed 20260927,,2026-09-25T00:00:00Z,SYNTH
4500000199,NB,V100004,2025-05-19,INR,synth_hospital seed 20260927,,2026-09-25T00:00:00Z,SYNTH
4500000200,NB,V100004,2025-07-14,INR,synth_hospital seed 20260927,,2026-09-25T00:00:00Z,SYNTH
4500000201,NB,V100004,2025-09-22,INR,synth_hospital seed 20260927,,2026-09-25T00:00:00Z,SYNTH
4500000202,NB,V100004,2025-12-01,INR,synth_hospital seed 20260927,,2026-09-25T00:00:00Z,SYNTH
4500000203,NB,V100002,2026-02-02,INR,synth_hospital seed 20260927,,2026-09-25T00:00:00Z,SYNTH
4500000204,NB,V100004,2026-03-30,INR,synth_hospital seed 20260927,,2026-09-25T00:00:00Z,SYNTH
4500000205,NB,V100004,2026-05-25,INR,synth_hospital seed 20260927,,2026-09-25T00:00:00Z,SYNTH
4500000206,NB,V100004,2026-07-20,INR,synth_hospital seed 20260927,,2026-09-25T00:00:00Z,SYNTH
4500000207,NB,V100002,2025-03-24,INR,synth_hospital seed 20260927,,2026-09-25T00:00:00Z,SYNTH
4500000208,NB,V100002,2025-05-19,INR,synth_hospital seed 20260927,,2026-09-25T00:00:00Z,SYNTH
4500000209,NB,V100002,2025-07-21,INR,synth_hospital seed 20260927,,2026-09-25T00:00:00Z,SYNTH
4500000210,NB,V100002,2025-09-22,INR,synth_hospital seed 20260927,,2026-09-25T00:00:00Z,SYNTH
4500000211,NB,V100004,2025-12-01,INR,synth_hospital seed 20260927,,2026-09-25T00:00:00Z,SYNTH
4500000212,NB,V100002,2026-02-02,INR,synth_hospital seed 20260927,,2026-09-25T00:00:00Z,SYNTH
4500000213,NB,V100002,2026-03-23,INR,synth_hospital seed 20260927,,2026-09-25T00:00:00Z,SYNTH
4500000214,NB,V100002,2026-05-18,INR,synth_hospital seed 20260927,,2026-09-25T00:00:00Z,SYNTH
4500000215,NB,V100002,2026-07-20,INR,synth_hospital seed 20260927,,2026-09-25T00:00:00Z,SYNTH
4500000216,NB,V100002,2026-09-21,INR,synth_hospital seed 20260927,,2026-09-25T00:00:00Z,SYNTH
4500000217,NB,V100006,2025-03-31,INR,synth_hospital seed 20260927,,2026-09-25T00:00:00Z,SYNTH
4500000218,NB,V100006,2025-05-26,INR,synth_hospital seed 20260927,,2026-09-25T00:00:00Z,SYNTH
4500000219,NB,V100006,2025-07-28,INR,synth_hospital seed 20260927,,2026-09-25T00:00:00Z,SYNTH
4500000220,NB,V100002,2025-10-06,INR,synth_hospital seed 20260927,,2026-09-25T00:00:00Z,SYNTH
4500000221,NB,V100002,2025-12-08,INR,synth_hospital seed 20260927,,2026-09-25T00:00:00Z,SYNTH
4500000222,NB,V100002,2026-02-09,INR,synth_hospital seed 20260927,,2026-09-25T00:00:00Z,SYNTH
4500000223,NB,V100001,2026-04-06,INR,synth_hospital seed 20260927,,2026-09-25T00:00:00Z,SYNTH
4500000224,NB,V100002,2026-05-25,INR,synth_hospital seed 20260927,,2026-09-25T00:00:00Z,SYNTH
4500000225,NB,V100002,2026-07-27,INR,synth_hospital seed 20260927,,2026-09-25T00:00:00Z,SYNTH
4500000226,NB,V100003,2025-03-24,INR,synth_hospital seed 20260927,,2026-09-25T00:00:00Z,SYNTH
4500000227,NB,V100003,2025-05-12,INR,synth_hospital seed 20260927,,2026-09-25T00:00:00Z,SYNTH
4500000228,NB,V100004,2025-07-07,INR,synth_hospital seed 20260927,,2026-09-25T00:00:00Z,SYNTH
4500000229,NB,V100004,2025-09-15,INR,synth_hospital seed 20260927,,2026-09-25T00:00:00Z,SYNTH
4500000230,NB,V100004,2025-11-24,INR,synth_hospital seed 20260927,,2026-09-25T00:00:00Z,SYNTH
4500000231,NB,V100004,2026-01-26,INR,synth_hospital seed 20260927,,2026-09-25T00:00:00Z,SYNTH
4500000232,NB,V100004,2026-03-23,INR,synth_hospital seed 20260927,,2026-09-25T00:00:00Z,SYNTH
4500000233,NB,V100004,2026-05-11,INR,synth_hospital seed 20260927,,2026-09-25T00:00:00Z,SYNTH
4500000234,NB,V100004,2026-07-06,INR,synth_hospital seed 20260927,,2026-09-25T00:00:00Z,SYNTH
4500000235,NB,V100003,2026-09-07,INR,synth_hospital seed 20260927,,2026-09-25T00:00:00Z,SYNTH
4500000236,NB,V100001,2025-03-24,INR,synth_hospital seed 20260927,,2026-09-25T00:00:00Z,SYNTH
4500000237,NB,V100001,2025-05-12,INR,synth_hospital seed 20260927,,2026-09-25T00:00:00Z,SYNTH
4500000238,NB,V100001,2025-07-14,INR,synth_hospital seed 20260927,,2026-09-25T00:00:00Z,SYNTH
4500000239,NB,V100001,2025-09-15,INR,synth_hospital seed 20260927,,2026-09-25T00:00:00Z,SYNTH
4500000240,NB,V100001,2025-11-24,INR,synth_hospital seed 20260927,,2026-09-25T00:00:00Z,SYNTH
4500000241,NB,V100001,2026-01-26,INR,synth_hospital seed 20260927,,2026-09-25T00:00:00Z,SYNTH
4500000242,NB,V100001,2026-03-23,INR,synth_hospital seed 20260927,,2026-09-25T00:00:00Z,SYNTH
4500000243,NB,V100003,2026-05-11,INR,synth_hospital seed 20260927,,2026-09-25T00:00:00Z,SYNTH
4500000244,NB,V100001,2026-07-06,INR,synth_hospital seed 20260927,,2026-09-25T00:00:00Z,SYNTH
4500000245,NB,V100001,2026-09-14,INR,synth_hospital seed 20260927,,2026-09-25T00:00:00Z,SYNTH
4500000246,NB,V100006,2025-03-24,INR,synth_hospital seed 20260927,,2026-09-25T00:00:00Z,SYNTH
4500000247,NB,V100006,2025-05-12,INR,synth_hospital seed 20260927,,2026-09-25T00:00:00Z,SYNTH
4500000248,NB,V100006,2025-07-14,INR,synth_hospital seed 20260927,,2026-09-25T00:00:00Z,SYNTH
4500000249,NB,V100005,2025-09-22,INR,synth_hospital seed 20260927,,2026-09-25T00:00:00Z,SYNTH
4500000250,NB,V100001,2025-12-01,INR,synth_hospital seed 20260927,,2026-09-25T00:00:00Z,SYNTH
4500000251,NB,V100005,2026-02-02,INR,synth_hospital seed 20260927,,2026-09-25T00:00:00Z,SYNTH
4500000252,NB,V100005,2026-03-30,INR,synth_hospital seed 20260927,,2026-09-25T00:00:00Z,SYNTH
4500000253,NB,V100001,2026-05-18,INR,synth_hospital seed 20260927,,2026-09-25T00:00:00Z,SYNTH
4500000254,NB,V100001,2026-07-20,INR,synth_hospital seed 20260927,,2026-09-25T00:00:00Z,SYNTH
4500000255,NB,V100005,2025-03-24,INR,synth_hospital seed 20260927,,2026-09-25T00:00:00Z,SYNTH
4500000256,NB,V100002,2025-05-12,INR,synth_hospital seed 20260927,,2026-09-25T00:00:00Z,SYNTH
4500000257,NB,V100002,2025-07-14,INR,synth_hospital seed 20260927,,2026-09-25T00:00:00Z,SYNTH
4500000258,NB,V100002,2025-09-08,INR,synth_hospital seed 20260927,,2026-09-25T00:00:00Z,SYNTH
4500000259,NB,V100002,2025-11-17,INR,synth_hospital seed 20260927,,2026-09-25T00:00:00Z,SYNTH
4500000260,NB,V100002,2026-01-26,INR,synth_hospital seed 20260927,,2026-09-25T00:00:00Z,SYNTH
4500000261,NB,V100002,2026-03-16,INR,synth_hospital seed 20260927,,2026-09-25T00:00:00Z,SYNTH
4500000262,NB,V100002,2026-05-18,INR,synth_hospital seed 20260927,,2026-09-25T00:00:00Z,SYNTH
4500000263,NB,V100002,2026-07-20,INR,synth_hospital seed 20260927,,2026-09-25T00:00:00Z,SYNTH
4500000264,NB,V100005,2025-03-24,INR,synth_hospital seed 20260927,,2026-09-25T00:00:00Z,SYNTH
4500000265,NB,V100005,2025-05-19,INR,synth_hospital seed 20260927,,2026-09-25T00:00:00Z,SYNTH
4500000266,NB,V100005,2025-07-07,INR,synth_hospital seed 20260927,,2026-09-25T00:00:00Z,SYNTH
4500000267,NB,V100005,2025-09-08,INR,synth_hospital seed 20260927,,2026-09-25T00:00:00Z,SYNTH
4500000268,NB,V100005,2025-11-17,INR,synth_hospital seed 20260927,,2026-09-25T00:00:00Z,SYNTH
4500000269,NB,V100005,2026-01-19,INR,synth_hospital seed 20260927,,2026-09-25T00:00:00Z,SYNTH
4500000270,NB,V100004,2026-03-23,INR,synth_hospital seed 20260927,,2026-09-25T00:00:00Z,SYNTH
4500000271,NB,V100005,2026-05-11,INR,synth_hospital seed 20260927,,2026-09-25T00:00:00Z,SYNTH
4500000272,NB,V100005,2026-07-13,INR,synth_hospital seed 20260927,,2026-09-25T00:00:00Z,SYNTH
4500000273,NB,V100005,2026-09-21,INR,synth_hospital seed 20260927,,2026-09-25T00:00:00Z,SYNTH
4500000274,NB,V100001,2025-03-24,INR,synth_hospital seed 20260927,,2026-09-25T00:00:00Z,SYNTH
4500000275,NB,V100001,2025-05-12,INR,synth_hospital seed 20260927,,2026-09-25T00:00:00Z,SYNTH
4500000276,NB,V100001,2025-07-07,INR,synth_hospital seed 20260927,,2026-09-25T00:00:00Z,SYNTH
4500000277,NB,V100004,2025-09-15,INR,synth_hospital seed 20260927,,2026-09-25T00:00:00Z,SYNTH
4500000278,NB,V100001,2025-11-24,INR,synth_hospital seed 20260927,,2026-09-25T00:00:00Z,SYNTH
4500000279,NB,V100001,2026-01-19,INR,synth_hospital seed 20260927,,2026-09-25T00:00:00Z,SYNTH
4500000280,NB,V100004,2026-03-16,INR,synth_hospital seed 20260927,,2026-09-25T00:00:00Z,SYNTH
4500000281,NB,V100001,2026-05-11,INR,synth_hospital seed 20260927,,2026-09-25T00:00:00Z,SYNTH
4500000282,NB,V100004,2026-07-06,INR,synth_hospital seed 20260927,,2026-09-25T00:00:00Z,SYNTH
4500000283,NB,V100001,2026-09-07,INR,synth_hospital seed 20260927,,2026-09-25T00:00:00Z,SYNTH
4500000284,NB,V100004,2025-03-24,INR,synth_hospital seed 20260927,,2026-09-25T00:00:00Z,SYNTH
4500000285,NB,V100004,2025-05-12,INR,synth_hospital seed 20260927,,2026-09-25T00:00:00Z,SYNTH
4500000286,NB,V100002,2025-07-14,INR,synth_hospital seed 20260927,,2026-09-25T00:00:00Z,SYNTH
4500000287,NB,V100004,2025-09-15,INR,synth_hospital seed 20260927,,2026-09-25T00:00:00Z,SYNTH
4500000288,NB,V100004,2025-11-24,INR,synth_hospital seed 20260927,,2026-09-25T00:00:00Z,SYNTH
4500000289,NB,V100002,2026-01-26,INR,synth_hospital seed 20260927,,2026-09-25T00:00:00Z,SYNTH
4500000290,NB,V100004,2026-03-16,INR,synth_hospital seed 20260927,,2026-09-25T00:00:00Z,SYNTH
4500000291,NB,V100004,2026-05-11,INR,synth_hospital seed 20260927,,2026-09-25T00:00:00Z,SYNTH
4500000292,NB,V100004,2026-07-06,INR,synth_hospital seed 20260927,,2026-09-25T00:00:00Z,SYNTH
4500000293,NB,V100004,2026-09-14,INR,synth_hospital seed 20260927,,2026-09-25T00:00:00Z,SYNTH
4500000294,NB,V100001,2025-03-24,INR,synth_hospital seed 20260927,,2026-09-25T00:00:00Z,SYNTH
4500000295,NB,V100002,2025-05-12,INR,synth_hospital seed 20260927,,2026-09-25T00:00:00Z,SYNTH
4500000296,NB,V100002,2025-07-07,INR,synth_hospital seed 20260927,,2026-09-25T00:00:00Z,SYNTH
4500000297,NB,V100002,2025-09-15,INR,synth_hospital seed 20260927,,2026-09-25T00:00:00Z,SYNTH
4500000298,NB,V100002,2025-11-17,INR,synth_hospital seed 20260927,,2026-09-25T00:00:00Z,SYNTH
4500000299,NB,V100002,2026-01-19,INR,synth_hospital seed 20260927,,2026-09-25T00:00:00Z,SYNTH
4500000300,NB,V100002,2026-03-09,INR,synth_hospital seed 20260927,,2026-09-25T00:00:00Z,SYNTH
4500000301,NB,V100002,2026-05-04,INR,synth_hospital seed 20260927,,2026-09-25T00:00:00Z,SYNTH
4500000302,NB,V100002,2026-06-29,INR,synth_hospital seed 20260927,,2026-09-25T00:00:00Z,SYNTH
4500000303,NB,V100002,2026-08-31,INR,synth_hospital seed 20260927,,2026-09-25T00:00:00Z,SYNTH
4500000304,NB,V100001,2025-03-24,INR,synth_hospital seed 20260927,,2026-09-25T00:00:00Z,SYNTH
4500000305,NB,V100001,2025-05-12,INR,synth_hospital seed 20260927,,2026-09-25T00:00:00Z,SYNTH
4500000306,NB,V100004,2025-07-07,INR,synth_hospital seed 20260927,,2026-09-25T00:00:00Z,SYNTH
4500000307,NB,V100004,2025-09-01,INR,synth_hospital seed 20260927,,2026-09-25T00:00:00Z,SYNTH
4500000308,NB,V100004,2025-11-10,INR,synth_hospital seed 20260927,,2026-09-25T00:00:00Z,SYNTH
4500000309,NB,V100001,2026-01-12,INR,synth_hospital seed 20260927,,2026-09-25T00:00:00Z,SYNTH
4500000310,NB,V100004,2026-03-09,INR,synth_hospital seed 20260927,,2026-09-25T00:00:00Z,SYNTH
4500000311,NB,V100004,2026-05-04,INR,synth_hospital seed 20260927,,2026-09-25T00:00:00Z,SYNTH
4500000312,NB,V100004,2026-06-29,INR,synth_hospital seed 20260927,,2026-09-25T00:00:00Z,SYNTH
4500000313,NB,V100004,2026-08-31,INR,synth_hospital seed 20260927,,2026-09-25T00:00:00Z,SYNTH
4500000314,NB,V100001,2025-03-24,INR,synth_hospital seed 20260927,,2026-09-25T00:00:00Z,SYNTH
4500000315,NB,V100003,2025-05-12,INR,synth_hospital seed 20260927,,2026-09-25T00:00:00Z,SYNTH
4500000316,NB,V100003,2025-07-07,INR,synth_hospital seed 20260927,,2026-09-25T00:00:00Z,SYNTH
4500000317,NB,V100003,2025-09-08,INR,synth_hospital seed 20260927,,2026-09-25T00:00:00Z,SYNTH
4500000318,NB,V100001,2025-11-17,INR,synth_hospital seed 20260927,,2026-09-25T00:00:00Z,SYNTH
4500000319,NB,V100001,2026-01-19,INR,synth_hospital seed 20260927,,2026-09-25T00:00:00Z,SYNTH
4500000320,NB,V100001,2026-03-16,INR,synth_hospital seed 20260927,,2026-09-25T00:00:00Z,SYNTH
4500000321,NB,V100003,2026-05-04,INR,synth_hospital seed 20260927,,2026-09-25T00:00:00Z,SYNTH
4500000322,NB,V100003,2026-06-29,INR,synth_hospital seed 20260927,,2026-09-25T00:00:00Z,SYNTH
4500000323,NB,V100003,2026-08-31,INR,synth_hospital seed 20260927,,2026-09-25T00:00:00Z,SYNTH
4500000324,NB,V100003,2025-03-24,INR,synth_hospital seed 20260927,,2026-09-25T00:00:00Z,SYNTH
4500000325,NB,V100003,2025-05-12,INR,synth_hospital seed 20260927,,2026-09-25T00:00:00Z,SYNTH
4500000326,NB,V100003,2025-06-30,INR,synth_hospital seed 20260927,,2026-09-25T00:00:00Z,SYNTH
4500000327,NB,V100003,2025-09-01,INR,synth_hospital seed 20260927,,2026-09-25T00:00:00Z,SYNTH
4500000328,NB,V100003,2025-11-03,INR,synth_hospital seed 20260927,,2026-09-25T00:00:00Z,SYNTH
4500000329,NB,V100005,2026-01-05,INR,synth_hospital seed 20260927,,2026-09-25T00:00:00Z,SYNTH
4500000330,NB,V100005,2026-03-02,INR,synth_hospital seed 20260927,,2026-09-25T00:00:00Z,SYNTH
4500000331,NB,V100005,2026-04-27,INR,synth_hospital seed 20260927,,2026-09-25T00:00:00Z,SYNTH
4500000332,NB,V100003,2026-06-22,INR,synth_hospital seed 20260927,,2026-09-25T00:00:00Z,SYNTH
4500000333,NB,V100003,2026-08-24,INR,synth_hospital seed 20260927,,2026-09-25T00:00:00Z,SYNTH
4500000334,NB,V100006,2025-03-24,INR,synth_hospital seed 20260927,,2026-09-25T00:00:00Z,SYNTH
4500000335,NB,V100006,2025-05-12,INR,synth_hospital seed 20260927,,2026-09-25T00:00:00Z,SYNTH
4500000336,NB,V100006,2025-07-07,INR,synth_hospital seed 20260927,,2026-09-25T00:00:00Z,SYNTH
4500000337,NB,V100006,2025-09-15,INR,synth_hospital seed 20260927,,2026-09-25T00:00:00Z,SYNTH
4500000338,NB,V100003,2025-11-24,INR,synth_hospital seed 20260927,,2026-09-25T00:00:00Z,SYNTH
4500000339,NB,V100001,2026-01-26,INR,synth_hospital seed 20260927,,2026-09-25T00:00:00Z,SYNTH
4500000340,NB,V100001,2026-03-16,INR,synth_hospital seed 20260927,,2026-09-25T00:00:00Z,SYNTH
4500000341,NB,V100001,2026-05-11,INR,synth_hospital seed 20260927,,2026-09-25T00:00:00Z,SYNTH
4500000342,NB,V100001,2026-07-06,INR,synth_hospital seed 20260927,,2026-09-25T00:00:00Z,SYNTH
4500000343,NB,V100003,2026-09-14,INR,synth_hospital seed 20260927,,2026-09-25T00:00:00Z,SYNTH
4500000344,NB,V100004,2025-03-24,INR,synth_hospital seed 20260927,,2026-09-25T00:00:00Z,SYNTH
4500000345,NB,V100002,2025-05-19,INR,synth_hospital seed 20260927,,2026-09-25T00:00:00Z,SYNTH
4500000346,NB,V100002,2025-07-14,INR,synth_hospital seed 20260927,,2026-09-25T00:00:00Z,SYNTH
4500000347,NB,V100002,2025-09-15,INR,synth_hospital seed 20260927,,2026-09-25T00:00:00Z,SYNTH
4500000348,NB,V100002,2025-11-24,INR,synth_hospital seed 20260927,,2026-09-25T00:00:00Z,SYNTH
4500000349,NB,V100004,2026-01-26,INR,synth_hospital seed 20260927,,2026-09-25T00:00:00Z,SYNTH
4500000350,NB,V100002,2026-03-23,INR,synth_hospital seed 20260927,,2026-09-25T00:00:00Z,SYNTH
4500000351,NB,V100002,2026-05-11,INR,synth_hospital seed 20260927,,2026-09-25T00:00:00Z,SYNTH
4500000352,NB,V100002,2026-07-06,INR,synth_hospital seed 20260927,,2026-09-25T00:00:00Z,SYNTH
4500000353,NB,V100002,2026-09-14,INR,synth_hospital seed 20260927,,2026-09-25T00:00:00Z,SYNTH
4500000354,NB,V100003,2025-03-24,INR,synth_hospital seed 20260927,,2026-09-25T00:00:00Z,SYNTH
4500000355,NB,V100006,2025-05-12,INR,synth_hospital seed 20260927,,2026-09-25T00:00:00Z,SYNTH
4500000356,NB,V100006,2025-07-14,INR,synth_hospital seed 20260927,,2026-09-25T00:00:00Z,SYNTH
4500000357,NB,V100006,2025-09-15,INR,synth_hospital seed 20260927,,2026-09-25T00:00:00Z,SYNTH
4500000358,NB,V100001,2025-11-24,INR,synth_hospital seed 20260927,,2026-09-25T00:00:00Z,SYNTH
4500000359,NB,V100001,2026-01-26,INR,synth_hospital seed 20260927,,2026-09-25T00:00:00Z,SYNTH
4500000360,NB,V100001,2026-03-23,INR,synth_hospital seed 20260927,,2026-09-25T00:00:00Z,SYNTH
4500000361,NB,V100001,2026-05-18,INR,synth_hospital seed 20260927,,2026-09-25T00:00:00Z,SYNTH
4500000362,NB,V100003,2026-07-20,INR,synth_hospital seed 20260927,,2026-09-25T00:00:00Z,SYNTH
4500000363,NB,V100001,2026-09-21,INR,synth_hospital seed 20260927,,2026-09-25T00:00:00Z,SYNTH
4500000364,NB,V100002,2025-03-24,INR,synth_hospital seed 20260927,,2026-09-25T00:00:00Z,SYNTH
4500000365,NB,V100004,2025-05-19,INR,synth_hospital seed 20260927,,2026-09-25T00:00:00Z,SYNTH
4500000366,NB,V100004,2025-07-14,INR,synth_hospital seed 20260927,,2026-09-25T00:00:00Z,SYNTH
4500000367,NB,V100004,2025-09-15,INR,synth_hospital seed 20260927,,2026-09-25T00:00:00Z,SYNTH
4500000368,NB,V100004,2025-11-24,INR,synth_hospital seed 20260927,,2026-09-25T00:00:00Z,SYNTH
4500000369,NB,V100004,2026-01-26,INR,synth_hospital seed 20260927,,2026-09-25T00:00:00Z,SYNTH
4500000370,NB,V100004,2026-03-23,INR,synth_hospital seed 20260927,,2026-09-25T00:00:00Z,SYNTH
4500000371,NB,V100002,2026-05-11,INR,synth_hospital seed 20260927,,2026-09-25T00:00:00Z,SYNTH
4500000372,NB,V100004,2026-07-06,INR,synth_hospital seed 20260927,,2026-09-25T00:00:00Z,SYNTH
4500000373,NB,V100004,2026-09-14,INR,synth_hospital seed 20260927,,2026-09-25T00:00:00Z,SYNTH
4500000374,NB,V100006,2025-03-31,INR,synth_hospital seed 20260927,,2026-09-25T00:00:00Z,SYNTH
4500000375,NB,V100006,2025-05-26,INR,synth_hospital seed 20260927,,2026-09-25T00:00:00Z,SYNTH
4500000376,NB,V100006,2025-07-28,INR,synth_hospital seed 20260927,,2026-09-25T00:00:00Z,SYNTH
4500000377,NB,V100004,2025-09-29,INR,synth_hospital seed 20260927,,2026-09-25T00:00:00Z,SYNTH
4500000378,NB,V100001,2025-12-08,INR,synth_hospital seed 20260927,,2026-09-25T00:00:00Z,SYNTH
4500000379,NB,V100001,2026-02-02,INR,synth_hospital seed 20260927,,2026-09-25T00:00:00Z,SYNTH
4500000380,NB,V100004,2026-04-06,INR,synth_hospital seed 20260927,,2026-09-25T00:00:00Z,SYNTH
4500000381,NB,V100004,2026-05-25,INR,synth_hospital seed 20260927,,2026-09-25T00:00:00Z,SYNTH
4500000382,NB,V100001,2026-07-20,INR,synth_hospital seed 20260927,,2026-09-25T00:00:00Z,SYNTH
4500000383,NB,V100006,2025-03-24,INR,synth_hospital seed 20260927,,2026-09-25T00:00:00Z,SYNTH
4500000384,NB,V100002,2025-05-12,INR,synth_hospital seed 20260927,,2026-09-25T00:00:00Z,SYNTH
4500000385,NB,V100002,2025-07-07,INR,synth_hospital seed 20260927,,2026-09-25T00:00:00Z,SYNTH
4500000386,NB,V100006,2025-09-15,INR,synth_hospital seed 20260927,,2026-09-25T00:00:00Z,SYNTH
4500000387,NB,V100001,2025-11-17,INR,synth_hospital seed 20260927,,2026-09-25T00:00:00Z,SYNTH
4500000388,NB,V100002,2026-01-19,INR,synth_hospital seed 20260927,,2026-09-25T00:00:00Z,SYNTH
4500000389,NB,V100001,2026-03-16,INR,synth_hospital seed 20260927,,2026-09-25T00:00:00Z,SYNTH
4500000390,NB,V100001,2026-05-11,INR,synth_hospital seed 20260927,,2026-09-25T00:00:00Z,SYNTH
4500000391,NB,V100001,2026-07-06,INR,synth_hospital seed 20260927,,2026-09-25T00:00:00Z,SYNTH
4500000392,NB,V100001,2026-09-14,INR,synth_hospital seed 20260927,,2026-09-25T00:00:00Z,SYNTH
