EBELN,EBELP,MATNR,WERKS,MENGE,MEINS,NETPR,PEINH,EINDT,SOURCE,SOURCE_URL,FETCHED_AT,IS_PROXY
4500000001,10,M100001,H001,2800,ML,9.0129,1,2025-04-02,synth_hospital seed 20260927,,2026-09-25T00:00:00Z,SYNTH
4500000002,10,M100001,H001,2800,ML,9.0129,1,2025-05-21,synth_hospital seed 20260927,,2026-09-25T00:00:00Z,SYNTH
4500000003,10,M100001,H001,2800,ML,9.0129,1,2025-07-23,synth_hospital seed 20260927,,2026-09-25T00:00:00Z,SYNTH
4500000004,10,M100001,H001,2800,ML,9.0129,1,2025-09-29,synth_hospital seed 20260927,,2026-09-25T00:00:00Z,SYNTH
4500000005,10,M100001,H001,2800,ML,9.0129,1,2025-12-03,synth_hospital seed 20260927,,2026-09-25T00:00:00Z,SYNTH
4500000006,10,M100001,H001,2800,ML,9.0129,1,2026-02-04,synth_hospital seed 20260927,,2026-09-25T00:00:00Z,SYNTH
4500000007,10,M100001,H001,2800,ML,9.0129,1,2026-04-01,synth_hospital seed 20260927,,2026-09-25T00:00:00Z,SYNTH
4500000008,10,M100001,H001,2800,ML,9.0129,1,2026-05-27,synth_hospital seed 20260927,,2026-09-25T00:00:00Z,SYNTH
4500000009,10,M100001,H001,2800,ML,9.0129,1,2026-07-22,synth_hospital seed 20260927,,2026-09-25T00:00:00Z,SYNTH
4500000010,10,M100001,H001,2800,ML,9.0129,1,2026-09-23,synth_hospital seed 20260927,,2026-09-25T00:00:00Z,SYNTH
4500000011,10,M100002,H001,12100,EA,1.5602,1,2025-03-31,synth_hospital seed 20260927,,2026-09-25T00:00:00Z,SYNTH
4500000012,10,M100002,H001,12100,EA,1.5602,1,2025-05-19,synth_hospital seed 20260927,,2026-09-25T00:00:00Z,SYNTH
4500000013,10,M100002,H001,12100,EA,1.5602,1,2025-07-14,synth_hospital seed 20260927,,2026-09-25T00:00:00Z,SYNTH
4500000014,10,M100002,H001,12100,EA,1.5602,1,2025-09-15,synth_hospital seed 20260927,,2026-09-25T00:00:00Z,SYNTH
4500000015,10,M100002,H001,12100,EA,1.5602,1,2025-11-17,synth_hospital seed 20260927,,2026-09-25T00:00:00Z,SYNTH
4500000016,10,M100002,H001,12100,EA,1.5602,1,2026-01-19,synth_hospital seed 20260927,,2026-09-25T00:00:00Z,SYNTH
4500000017,10,M100002,H001,12100,EA,1.5602,1,2026-03-21,synth_hospital seed 20260927,,2026-09-25T00:00:00Z,SYNTH
4500000018,10,M100002,H001,12100,EA,1.5602,1,2026-05-04,synth_hospital seed 20260927,,2026-09-25T00:00:00Z,SYNTH
4500000019,10,M100002,H001,12100,EA,1.5602,1,2026-06-29,synth_hospital seed 20260927,,2026-09-25T00:00:00Z,SYNTH
4500000020,10,M100002,H001,12100,EA,1.5602,1,2026-09-05,synth_hospital seed 20260927,,2026-09-25T00:00:00Z,SYNTH
4500000021,10,M100003,H001,11600,EA,5.8845,1,2025-03-31,synth_hospital seed 20260927,,2026-09-25T00:00:00Z,SYNTH
4500000022,10,M100003,H001,11600,EA,5.8845,1,2025-05-19,synth_hospital seed 20260927,,2026-09-25T00:00:00Z,SYNTH
4500000023,10,M100003,H001,11600,EA,5.8845,1,2025-07-14,synth_hospital seed 20260927,,2026-09-25T00:00:00Z,SYNTH
4500000024,10,M100003,H001,11600,EA,5.8845,1,2025-09-17,synth_hospital seed 20260927,,2026-09-25T00:00:00Z,SYNTH
4500000025,10,M100003,H001,11600,EA,5.8845,1,2025-11-26,synth_hospital seed 20260927,,2026-09-25T00:00:00Z,SYNTH
4500000026,10,M100003,H001,11600,EA,5.8845,1,2026-01-26,synth_hospital seed 20260927,,2026-09-25T00:00:00Z,SYNTH
4500000027,10,M100003,H001,11600,EA,5.8845,1,2026-03-16,synth_hospital seed 20260927,,2026-09-25T00:00:00Z,SYNTH
4500000028,10,M100003,H001,11600,EA,5.8845,1,2026-05-11,synth_hospital seed 20260927,,2026-09-25T00:00:00Z,SYNTH
4500000029,10,M100003,H001,11600,EA,5.8845,1,2026-07-06,synth_hospital seed 20260927,,2026-09-25T00:00:00Z,SYNTH
4500000030,10,M100003,H001,11600,EA,5.8845,1,2026-09-09,synth_hospital seed 20260927,,2026-09-25T00:00:00Z,SYNTH
4500000031,10,M100004,H001,520,EA,9.8124,1,2025-03-31,synth_hospital seed 20260927,,2026-09-25T00:00:00Z,SYNTH
4500000032,10,M100004,H001,520,EA,9.8124,1,2025-05-19,synth_hospital seed 20260927,,2026-09-25T00:00:00Z,SYNTH
4500000033,10,M100004,H001,520,EA,9.8124,1,2025-07-19,synth_hospital seed 20260927,,2026-09-25T00:00:00Z,SYNTH
4500000034,10,M100004,H001,520,EA,9.8124,1,2025-09-15,synth_hospital seed 20260927,,2026-09-25T00:00:00Z,SYNTH
4500000035,10,M100004,H001,520,EA,9.8124,1,2025-11-24,synth_hospital seed 20260927,,2026-09-25T00:00:00Z,SYNTH
4500000036,10,M100004,H001,520,EA,9.8124,1,2026-01-26,synth_hospital seed 20260927,,2026-09-25T00:00:00Z,SYNTH
4500000037,10,M100004,H001,520,EA,9.8124,1,2026-03-23,synth_hospital seed 20260927,,2026-09-25T00:00:00Z,SYNTH
4500000038,10,M100004,H001,520,EA,9.8124,1,2026-05-18,synth_hospital seed 20260927,,2026-09-25T00:00:00Z,SYNTH
4500000039,10,M100004,H001,520,EA,9.8124,1,2026-07-13,synth_hospital seed 20260927,,2026-09-25T00:00:00Z,SYNTH
4500000040,10,M100004,H001,520,EA,9.8124,1,2026-09-26,synth_hospital seed 20260927,,2026-09-25T00:00:00Z,SYNTH
4500000041,10,M100005,H001,1490,EA,2350.3588,1,2025-03-31,synth_hospital seed 20260927,,2026-09-25T00:00:00Z,SYNTH
4500000042,10,M100005,H001,1490,EA,2350.3588,1,2025-05-22,synth_hospital seed 20260927,,2026-09-25T00:00:00Z,SYNTH
4500000043,10,M100005,H001,1490,EA,2350.3588,1,2025-07-17,synth_hospital seed 20260927,,2026-09-25T00:00:00Z,SYNTH
4500000044,10,M100005,H001,1490,EA,2350.3588,1,2025-09-18,synth_hospital seed 20260927,,2026-09-25T00:00:00Z,SYNTH
4500000045,10,M100005,H001,1490,EA,2350.3588,1,2025-11-24,synth_hospital seed 20260927,,2026-09-25T00:00:00Z,SYNTH
4500000046,10,M100005,H001,1490,EA,2350.3588,1,2026-01-26,synth_hospital seed 20260927,,2026-09-25T00:00:00Z,SYNTH
4500000047,10,M100005,H001,1490,EA,2350.3588,1,2026-03-16,synth_hospital seed 20260927,,2026-09-25T00:00:00Z,SYNTH
4500000048,10,M100005,H001,1490,EA,2350.3588,1,2026-05-11,synth_hospital seed 20260927,,2026-09-25T00:00:00Z,SYNTH
4500000049,10,M100005,H001,1490,EA,2350.3588,1,2026-07-06,synth_hospital seed 20260927,,2026-09-25T00:00:00Z,SYNTH
4500000050,10,M100005,H001,1490,EA,2350.3588,1,2026-09-14,synth_hospital seed 20260927,,2026-09-25T00:00:00Z,SYNTH
4500000051,10,M100006,H001,1350,EA,1227.3746,1,2025-04-03,synth_hospital seed 20260927,,2026-09-25T00:00:00Z,SYNTH
4500000052,10,M100006,H001,1350,EA,1227.3746,1,2025-05-15,synth_hospital seed 20260927,,2026-09-25T00:00:00Z,SYNTH
4500000053,10,M100006,H001,1350,EA,1227.3746,1,2025-07-10,synth_hospital seed 20260927,,2026-09-25T00:00:00Z,SYNTH
4500000054,10,M100006,H001,1350,EA,1227.3746,1,2025-09-11,synth_hospital seed 20260927,,2026-09-25T00:00:00Z,SYNTH
4500000055,10,M100006,H001,1350,EA,1227.3746,1,2025-11-20,synth_hospital seed 20260927,,2026-09-25T00:00:00Z,SYNTH
4500000056,10,M100006,H001,1350,EA,1227.3746,1,2026-01-22,synth_hospital seed 20260927,,2026-09-25T00:00:00Z,SYNTH
4500000057,10,M100006,H001,1350,EA,1227.3746,1,2026-03-16,synth_hospital seed 20260927,,2026-09-25T00:00:00Z,SYNTH
4500000058,10,M100006,H001,1350,EA,1227.3746,1,2026-05-11,synth_hospital seed 20260927,,2026-09-25T00:00:00Z,SYNTH
4500000059,10,M100006,H001,1350,EA,1227.3746,1,2026-07-06,synth_hospital seed 20260927,,2026-09-25T00:00:00Z,SYNTH
4500000060,10,M100006,H001,1350,EA,1227.3746,1,2026-09-07,synth_hospital seed 20260927,,2026-09-25T00:00:00Z,SYNTH
4500000061,10,M100007,H001,9100,EA,1.2561,1,2025-03-31,synth_hospital seed 20260927,,2026-09-25T00:00:00Z,SYNTH
4500000062,10,M100007,H001,9100,EA,1.2561,1,2025-05-19,synth_hospital seed 20260927,,2026-09-25T00:00:00Z,SYNTH
4500000063,10,M100007,H001,9100,EA,1.2561,1,2025-07-14,synth_hospital seed 20260927,,2026-09-25T00:00:00Z,SYNTH
4500000064,10,M100007,H001,9100,EA,1.2561,1,2025-09-15,synth_hospital seed 20260927,,2026-09-25T00:00:00Z,SYNTH
4500000065,10,M100007,H001,9100,EA,1.2561,1,2025-11-24,synth_hospital seed 20260927,,2026-09-25T00:00:00Z,SYNTH
4500000066,10,M100007,H001,9100,EA,1.2561,1,2026-01-26,synth_hospital seed 20260927,,2026-09-25T00:00:00Z,SYNTH
4500000067,10,M100007,H001,9100,EA,1.2561,1,2026-03-23,synth_hospital seed 20260927,,2026-09-25T00:00:00Z,SYNTH
4500000068,10,M100007,H001,9100,EA,1.2561,1,2026-05-13,synth_hospital seed 20260927,,2026-09-25T00:00:00Z,SYNTH
4500000069,10,M100007,H001,9100,EA,1.2561,1,2026-07-06,synth_hospital seed 20260927,,2026-09-25T00:00:00Z,SYNTH
4500000070,10,M100007,H001,9100,EA,1.2561,1,2026-09-07,synth_hospital seed 20260927,,2026-09-25T00:00:00Z,SYNTH
4500000071,10,M100008,H001,3600,ML,5.9508,1,2025-04-02,synth_hospital seed 20260927,,2026-09-25T00:00:00Z,SYNTH
4500000072,10,M100008,H001,3600,ML,5.9508,1,2025-05-22,synth_hospital seed 20260927,,2026-09-25T00:00:00Z,SYNTH
4500000073,10,M100008,H001,3600,ML,5.9508,1,2025-07-24,synth_hospital seed 20260927,,2026-09-25T00:00:00Z,SYNTH
4500000074,10,M100008,H001,3600,ML,5.9508,1,2025-10-02,synth_hospital seed 20260927,,2026-09-25T00:00:00Z,SYNTH
4500000075,10,M100008,H001,3600,ML,5.9508,1,2025-12-08,synth_hospital seed 20260927,,2026-09-25T00:00:00Z,SYNTH
4500000076,10,M100008,H001,3600,ML,5.9508,1,2026-02-09,synth_hospital seed 20260927,,2026-09-25T00:00:00Z,SYNTH
4500000077,10,M100008,H001,3600,ML,5.9508,1,2026-03-30,synth_hospital seed 20260927,,2026-09-25T00:00:00Z,SYNTH
4500000078,10,M100008,H001,3600,ML,5.9508,1,2026-05-25,synth_hospital seed 20260927,,2026-09-25T00:00:00Z,SYNTH
4500000079,10,M100008,H001,3600,ML,5.9508,1,2026-07-22,synth_hospital seed 20260927,,2026-09-25T00:00:00Z,SYNTH
4500000080,10,M100008,H001,3600,ML,5.9508,1,2026-09-30,synth_hospital seed 20260927,,2026-09-25T00:00:00Z,SYNTH
4500000081,10,M100009,H001,340,EA,6.5101,1,2025-03-31,synth_hospital seed 20260927,,2026-09-25T00:00:00Z,SYNTH
4500000082,10,M100009,H001,340,EA,6.5101,1,2025-05-12,synth_hospital seed 20260927,,2026-09-25T00:00:00Z,SYNTH
4500000083,10,M100009,H001,340,EA,6.5101,1,2025-07-14,synth_hospital seed 20260927,,2026-09-25T00:00:00Z,SYNTH
4500000084,10,M100009,H001,340,EA,6.5101,1,2025-09-15,synth_hospital seed 20260927,,2026-09-25T00:00:00Z,SYNTH
4500000085,10,M100009,H001,340,EA,6.5101,1,2025-12-01,synth_hospital seed 20260927,,2026-09-25T00:00:00Z,SYNTH
4500000086,10,M100009,H001,340,EA,6.5101,1,2026-01-26,synth_hospital seed 20260927,,2026-09-25T00:00:00Z,SYNTH
4500000087,10,M100009,H001,340,EA,6.5101,1,2026-03-26,synth_hospital seed 20260927,,2026-09-25T00:00:00Z,SYNTH
4500000088,10,M100009,H001,340,EA,6.5101,1,2026-05-18,synth_hospital seed 20260927,,2026-09-25T00:00:00Z,SYNTH
4500000089,10,M100009,H001,340,EA,6.5101,1,2026-07-13,synth_hospital seed 20260927,,2026-09-25T00:00:00Z,SYNTH
4500000090,10,M100009,H001,340,EA,6.5101,1,2026-09-21,synth_hospital seed 20260927,,2026-09-25T00:00:00Z,SYNTH
4500000091,10,M100010,H001,1500,EA,8.9115,1,2025-04-03,synth_hospital seed 20260927,,2026-09-25T00:00:00Z,SYNTH
4500000092,10,M100010,H001,1500,EA,8.9115,1,2025-05-29,synth_hospital seed 20260927,,2026-09-25T00:00:00Z,SYNTH
4500000093,10,M100010,H001,1500,EA,8.9115,1,2025-07-31,synth_hospital seed 20260927,,2026-09-25T00:00:00Z,SYNTH
4500000094,10,M100010,H001,1500,EA,8.9115,1,2025-10-02,synth_hospital seed 20260927,,2026-09-25T00:00:00Z,SYNTH
4500000095,10,M100010,H001,1500,EA,8.9115,1,2025-12-10,synth_hospital seed 20260927,,2026-09-25T00:00:00Z,SYNTH
4500000096,10,M100010,H001,1500,EA,8.9115,1,2026-02-02,synth_hospital seed 20260927,,2026-09-25T00:00:00Z,SYNTH
4500000097,10,M100010,H001,1500,EA,8.9115,1,2026-03-30,synth_hospital seed 20260927,,2026-09-25T00:00:00Z,SYNTH
4500000098,10,M100010,H001,1500,EA,8.9115,1,2026-05-25,synth_hospital seed 20260927,,2026-09-25T00:00:00Z,SYNTH
4500000099,10,M100010,H001,1500,EA,8.9115,1,2026-07-20,synth_hospital seed 20260927,,2026-09-25T00:00:00Z,SYNTH
4500000100,10,M100010,H001,1500,EA,8.9115,1,2026-09-30,synth_hospital seed 20260927,,2026-09-25T00:00:00Z,SYNTH
4500000101,10,M100011,H001,1800,ML,9.6668,1,2025-04-02,synth_hospital seed 20260927,,2026-09-25T00:00:00Z,SYNTH
4500000102,10,M100011,H001,1800,ML,9.6668,1,2025-05-26,synth_hospital seed 20260927,,2026-09-25T00:00:00Z,SYNTH
4500000103,10,M100011,H001,1800,ML,9.6668,1,2025-07-23,synth_hospital seed 20260927,,2026-09-25T00:00:00Z,SYNTH
4500000104,10,M100011,H001,1800,ML,9.6668,1,2025-09-22,synth_hospital seed 20260927,,2026-09-25T00:00:00Z,SYNTH
4500000105,10,M100011,H001,1800,ML,9.6668,1,2025-11-26,synth_hospital seed 20260927,,2026-09-25T00:00:00Z,SYNTH
4500000106,10,M100011,H001,1800,ML,9.6668,1,2026-01-28,synth_hospital seed 20260927,,2026-09-25T00:00:00Z,SYNTH
4500000107,10,M100011,H001,1800,ML,9.6668,1,2026-04-06,synth_hospital seed 20260927,,2026-09-25T00:00:00Z,SYNTH
4500000108,10,M100011,H001,1800,ML,9.6668,1,2026-06-01,synth_hospital seed 20260927,,2026-09-25T00:00:00Z,SYNTH
4500000109,10,M100011,H001,1800,ML,9.6668,1,2026-08-03,synth_hospital seed 20260927,,2026-09-25T00:00:00Z,SYNTH
4500000110,10,M100012,H001,1000,ML,68.7268,1,2025-04-10,synth_hospital seed 20260927,,2026-09-25T00:00:00Z,SYNTH
4500000111,10,M100012,H001,1000,ML,68.7268,1,2025-06-05,synth_hospital seed 20260927,,2026-09-25T00:00:00Z,SYNTH
4500000112,10,M100012,H001,1000,ML,68.7268,1,2025-08-07,synth_hospital seed 20260927,,2026-09-25T00:00:00Z,SYNTH
4500000113,10,M100012,H001,1000,ML,68.7268,1,2025-10-13,synth_hospital seed 20260927,,2026-09-25T00:00:00Z,SYNTH
4500000114,10,M100012,H001,1000,ML,68.7268,1,2025-12-22,synth_hospital seed 20260927,,2026-09-25T00:00:00Z,SYNTH
4500000115,10,M100012,H001,1000,ML,68.7268,1,2026-02-23,synth_hospital seed 20260927,,2026-09-25T00:00:00Z,SYNTH
4500000116,10,M100012,H001,1000,ML,68.7268,1,2026-04-13,synth_hospital seed 20260927,,2026-09-25T00:00:00Z,SYNTH
4500000117,10,M100012,H001,1000,ML,68.7268,1,2026-06-15,synth_hospital seed 20260927,,2026-09-25T00:00:00Z,SYNTH
4500000118,10,M100012,H001,1000,ML,68.7268,1,2026-08-17,synth_hospital seed 20260927,,2026-09-25T00:00:00Z,SYNTH
4500000119,10,M100013,H001,7400,EA,4.2659,1,2025-04-03,synth_hospital seed 20260927,,2026-09-25T00:00:00Z,SYNTH
4500000120,10,M100013,H001,7400,EA,4.2659,1,2025-05-22,synth_hospital seed 20260927,,2026-09-25T00:00:00Z,SYNTH
4500000121,10,M100013,H001,7400,EA,4.2659,1,2025-07-23,synth_hospital seed 20260927,,2026-09-25T00:00:00Z,SYNTH
4500000122,10,M100013,H001,7400,EA,4.2659,1,2025-09-24,synth_hospital seed 20260927,,2026-09-25T00:00:00Z,SYNTH
4500000123,10,M100013,H001,7400,EA,4.2659,1,2025-11-19,synth_hospital seed 20260927,,2026-09-25T00:00:00Z,SYNTH
4500000124,10,M100013,H001,7400,EA,4.2659,1,2026-01-21,synth_hospital seed 20260927,,2026-09-25T00:00:00Z,SYNTH
4500000125,10,M100013,H001,7400,EA,4.2659,1,2026-03-18,synth_hospital seed 20260927,,2026-09-25T00:00:00Z,SYNTH
4500000126,10,M100013,H001,7400,EA,4.2659,1,2026-05-13,synth_hospital seed 20260927,,2026-09-25T00:00:00Z,SYNTH
4500000127,10,M100013,H001,7400,EA,4.2659,1,2026-07-08,synth_hospital seed 20260927,,2026-09-25T00:00:00Z,SYNTH
4500000128,10,M100013,H001,7400,EA,4.2659,1,2026-09-10,synth_hospital seed 20260927,,2026-09-25T00:00:00Z,SYNTH
4500000129,10,M100014,H001,12800,EA,0.7741,1,2025-03-31,synth_hospital seed 20260927,,2026-09-25T00:00:00Z,SYNTH
4500000130,10,M100014,H001,12800,EA,0.7741,1,2025-05-26,synth_hospital seed 20260927,,2026-09-25T00:00:00Z,SYNTH
4500000131,10,M100014,H001,12800,EA,0.7741,1,2025-07-21,synth_hospital seed 20260927,,2026-09-25T00:00:00Z,SYNTH
4500000132,10,M100014,H001,12800,EA,0.7741,1,2025-09-29,synth_hospital seed 20260927,,2026-09-25T00:00:00Z,SYNTH
4500000133,10,M100014,H001,12800,EA,0.7741,1,2025-12-01,synth_hospital seed 20260927,,2026-09-25T00:00:00Z,SYNTH
4500000134,10,M100014,H001,12800,EA,0.7741,1,2026-02-02,synth_hospital seed 20260927,,2026-09-25T00:00:00Z,SYNTH
4500000135,10,M100014,H001,12800,EA,0.7741,1,2026-03-30,synth_hospital seed 20260927,,2026-09-25T00:00:00Z,SYNTH
4500000136,10,M100014,H001,12800,EA,0.7741,1,2026-05-18,synth_hospital seed 20260927,,2026-09-25T00:00:00Z,SYNTH
4500000137,10,M100014,H001,12800,EA,0.7741,1,2026-07-13,synth_hospital seed 20260927,,2026-09-25T00:00:00Z,SYNTH
4500000138,10,M100014,H001,12800,EA,0.7741,1,2026-09-21,synth_hospital seed 20260927,,2026-09-25T00:00:00Z,SYNTH
4500000139,10,M100015,H001,300,ML,6.8429,1,2025-04-07,synth_hospital seed 20260927,,2026-09-25T00:00:00Z,SYNTH
4500000140,10,M100015,H001,300,ML,6.8429,1,2025-06-11,synth_hospital seed 20260927,,2026-09-25T00:00:00Z,SYNTH
4500000141,10,M100015,H001,300,ML,6.8429,1,2025-08-18,synth_hospital seed 20260927,,2026-09-25T00:00:00Z,SYNTH
4500000142,10,M100015,H001,300,ML,6.8429,1,2025-11-05,synth_hospital seed 20260927,,2026-09-25T00:00:00Z,SYNTH
4500000143,10,M100015,H001,300,ML,6.8429,1,2026-01-07,synth_hospital seed 20260927,,2026-09-25T00:00:00Z,SYNTH
4500000144,10,M100015,H001,300,ML,6.8429,1,2026-03-09,synth_hospital seed 20260927,,2026-09-25T00:00:00Z,SYNTH
4500000145,10,M100015,H001,300,ML,6.8429,1,2026-05-06,synth_hospital seed 20260927,,2026-09-25T00:00:00Z,SYNTH
4500000146,10,M100015,H001,300,ML,6.8429,1,2026-07-08,synth_hospital seed 20260927,,2026-09-25T00:00:00Z,SYNTH
4500000147,10,M100015,H001,300,ML,6.8429,1,2026-09-28,synth_hospital seed 20260927,,2026-09-25T00:00:00Z,SYNTH
4500000148,10,M100016,H001,15800,EA,0.6611,1,2025-04-03,synth_hospital seed 20260927,,2026-09-25T00:00:00Z,SYNTH
4500000149,10,M100016,H001,15800,EA,0.6611,1,2025-05-29,synth_hospital seed 20260927,,2026-09-25T00:00:00Z,SYNTH
4500000150,10,M100016,H001,15800,EA,0.6611,1,2025-07-24,synth_hospital seed 20260927,,2026-09-25T00:00:00Z,SYNTH
4500000151,10,M100016,H001,15800,EA,0.6611,1,2025-10-04,synth_hospital seed 20260927,,2026-09-25T00:00:00Z,SYNTH
4500000152,10,M100016,H001,15800,EA,0.6611,1,2025-12-13,synth_hospital seed 20260927,,2026-09-25T00:00:00Z,SYNTH
4500000153,10,M100016,H001,15800,EA,0.6611,1,2026-02-02,synth_hospital seed 20260927,,2026-09-25T00:00:00Z,SYNTH
4500000154,10,M100016,H001,15800,EA,0.6611,1,2026-03-30,synth_hospital seed 20260927,,2026-09-25T00:00:00Z,SYNTH
4500000155,10,M100016,H001,15800,EA,0.6611,1,2026-05-25,synth_hospital seed 20260927,,2026-09-25T00:00:00Z,SYNTH
4500000156,10,M100016,H001,15800,EA,0.6611,1,2026-07-20,synth_hospital seed 20260927,,2026-09-25T00:00:00Z,SYNTH
4500000157,10,M100016,H001,15800,EA,0.6611,1,2026-09-21,synth_hospital seed 20260927,,2026-09-25T00:00:00Z,SYNTH
4500000158,10,M100017,H001,15400,EA,0.2842,1,2025-04-02,synth_hospital seed 20260927,,2026-09-25T00:00:00Z,SYNTH
4500000159,10,M100017,H001,15400,EA,0.2842,1,2025-05-14,synth_hospital seed 20260927,,2026-09-25T00:00:00Z,SYNTH
4500000160,10,M100017,H001,15400,EA,0.2842,1,2025-07-09,synth_hospital seed 20260927,,2026-09-25T00:00:00Z,SYNTH
4500000161,10,M100017,H001,15400,EA,0.2842,1,2025-09-03,synth_hospital seed 20260927,,2026-09-25T00:00:00Z,SYNTH
4500000162,10,M100017,H001,15400,EA,0.2842,1,2025-11-13,synth_hospital seed 20260927,,2026-09-25T00:00:00Z,SYNTH
4500000163,10,M100017,H001,15400,EA,0.2842,1,2025-12-31,synth_hospital seed 20260927,,2026-09-25T00:00:00Z,SYNTH
4500000164,10,M100017,H001,15400,EA,0.2842,1,2026-02-25,synth_hospital seed 20260927,,2026-09-25T00:00:00Z,SYNTH
4500000165,10,M100017,H001,15400,EA,0.2842,1,2026-04-22,synth_hospital seed 20260927,,2026-09-25T00:00:00Z,SYNTH
4500000166,10,M100017,H001,15400,EA,0.2842,1,2026-06-17,synth_hospital seed 20260927,,2026-09-25T00:00:00Z,SYNTH
4500000167,10,M100017,H001,15400,EA,0.2842,1,2026-08-20,synth_hospital seed 20260927,,2026-09-25T00:00:00Z,SYNTH
4500000168,10,M100018,H001,430,EA,245.4422,1,2025-04-05,synth_hospital seed 20260927,,2026-09-25T00:00:00Z,SYNTH
4500000169,10,M100018,H001,430,EA,245.4422,1,2025-05-24,synth_hospital seed 20260927,,2026-09-25T00:00:00Z,SYNTH
4500000170,10,M100018,H001,430,EA,245.4422,1,2025-07-26,synth_hospital seed 20260927,,2026-09-25T00:00:00Z,SYNTH
4500000171,10,M100018,H001,430,EA,245.4422,1,2025-09-27,synth_hospital seed 20260927,,2026-09-25T00:00:00Z,SYNTH
4500000172,10,M100018,H001,430,EA,245.4422,1,2025-11-29,synth_hospital seed 20260927,,2026-09-25T00:00:00Z,SYNTH
4500000173,10,M100018,H001,430,EA,245.4422,1,2026-01-31,synth_hospital seed 20260927,,2026-09-25T00:00:00Z,SYNTH
4500000174,10,M100018,H001,430,EA,245.4422,1,2026-03-28,synth_hospital seed 20260927,,2026-09-25T00:00:00Z,SYNTH
4500000175,10,M100018,H001,430,EA,245.4422,1,2026-05-23,synth_hospital seed 20260927,,2026-09-25T00:00:00Z,SYNTH
4500000176,10,M100018,H001,430,EA,245.4422,1,2026-07-11,synth_hospital seed 20260927,,2026-09-25T00:00:00Z,SYNTH
4500000177,10,M100018,H001,430,EA,245.4422,1,2026-09-07,synth_hospital seed 20260927,,2026-09-25T00:00:00Z,SYNTH
4500000178,10,M100019,H001,9300,EA,0.9156,1,2025-04-02,synth_hospital seed 20260927,,2026-09-25T00:00:00Z,SYNTH
4500000179,10,M100019,H001,9300,EA,0.9156,1,2025-05-22,synth_hospital seed 20260927,,2026-09-25T00:00:00Z,SYNTH
4500000180,10,M100019,H001,9300,EA,0.9156,1,2025-07-17,synth_hospital seed 20260927,,2026-09-25T00:00:00Z,SYNTH
4500000181,10,M100019,H001,9300,EA,0.9156,1,2025-09-18,synth_hospital seed 20260927,,2026-09-25T00:00:00Z,SYNTH
4500000182,10,M100019,H001,9300,EA,0.9156,1,2025-12-01,synth_hospital seed 20260927,,2026-09-25T00:00:00Z,SYNTH
4500000183,10,M100019,H001,9300,EA,0.9156,1,2026-01-26,synth_hospital seed 20260927,,2026-09-25T00:00:00Z,SYNTH
4500000184,10,M100019,H001,9300,EA,0.9156,1,2026-03-23,synth_hospital seed 20260927,,2026-09-25T00:00:00Z,SYNTH
4500000185,10,M100019,H001,9300,EA,0.9156,1,2026-05-20,synth_hospital seed 20260927,,2026-09-25T00:00:00Z,SYNTH
4500000186,10,M100019,H001,9300,EA,0.9156,1,2026-07-15,synth_hospital seed 20260927,,2026-09-25T00:00:00Z,SYNTH
4500000187,10,M100019,H001,9300,EA,0.9156,1,2026-09-14,synth_hospital seed 20260927,,2026-09-25T00:00:00Z,SYNTH
4500000188,10,M100020,H001,23900,EA,2.0459,1,2025-04-02,synth_hospital seed 20260927,,2026-09-25T00:00:00Z,SYNTH
4500000189,10,M100020,H001,23900,EA,2.0459,1,2025-05-26,synth_hospital seed 20260927,,2026-09-25T00:00:00Z,SYNTH
4500000190,10,M100020,H001,23900,EA,2.0459,1,2025-07-16,synth_hospital seed 20260927,,2026-09-25T00:00:00Z,SYNTH
4500000191,10,M100020,H001,23900,EA,2.0459,1,2025-09-22,synth_hospital seed 20260927,,2026-09-25T00:00:00Z,SYNTH
4500000192,10,M100020,H001,23900,EA,2.0459,1,2025-12-01,synth_hospital seed 20260927,,2026-09-25T00:00:00Z,SYNTH
4500000193,10,M100020,H001,23900,EA,2.0459,1,2026-01-28,synth_hospital seed 20260927,,2026-09-25T00:00:00Z,SYNTH
4500000194,10,M100020,H001,23900,EA,2.0459,1,2026-03-30,synth_hospital seed 20260927,,2026-09-25T00:00:00Z,SYNTH
4500000195,10,M100020,H001,23900,EA,2.0459,1,2026-05-20,synth_hospital seed 20260927,,2026-09-25T00:00:00Z,SYNTH
4500000196,10,M100020,H001,23900,EA,2.0459,1,2026-07-20,synth_hospital seed 20260927,,2026-09-25T00:00:00Z,SYNTH
4500000197,10,M100020,H001,23900,EA,2.0459,1,2026-09-23,synth_hospital seed 20260927,,2026-09-25T00:00:00Z,SYNTH
4500000198,10,M100021,H001,1800,ML,2.0317,1,2025-04-07,synth_hospital seed 20260927,,2026-09-25T00:00:00Z,SYNTH
4500000199,10,M100021,H001,1800,ML,2.0317,1,2025-06-02,synth_hospital seed 20260927,,2026-09-25T00:00:00Z,SYNTH
4500000200,10,M100021,H001,1800,ML,2.0317,1,2025-07-28,synth_hospital seed 20260927,,2026-09-25T00:00:00Z,SYNTH
4500000201,10,M100021,H001,1800,ML,2.0317,1,2025-10-06,synth_hospital seed 20260927,,2026-09-25T00:00:00Z,SYNTH
4500000202,10,M100021,H001,1800,ML,2.0317,1,2025-12-15,synth_hospital seed 20260927,,2026-09-25T00:00:00Z,SYNTH
4500000203,10,M100021,H001,1800,ML,2.0317,1,2026-02-12,synth_hospital seed 20260927,,2026-09-25T00:00:00Z,SYNTH
4500000204,10,M100021,H001,1800,ML,2.0317,1,2026-04-13,synth_hospital seed 20260927,,2026-09-25T00:00:00Z,SYNTH
4500000205,10,M100021,H001,1800,ML,2.0317,1,2026-06-08,synth_hospital seed 20260927,,2026-09-25T00:00:00Z,SYNTH
4500000206,10,M100021,H001,1800,ML,2.0317,1,2026-08-03,synth_hospital seed 20260927,,2026-09-25T00:00:00Z,SYNTH
4500000207,10,M100022,H001,1800,ML,2.7422,1,2025-04-03,synth_hospital seed 20260927,,2026-09-25T00:00:00Z,SYNTH
4500000208,10,M100022,H001,1800,ML,2.7422,1,2025-05-29,synth_hospital seed 20260927,,2026-09-25T00:00:00Z,SYNTH
4500000209,10,M100022,H001,1800,ML,2.7422,1,2025-07-31,synth_hospital seed 20260927,,2026-09-25T00:00:00Z,SYNTH
4500000210,10,M100022,H001,1800,ML,2.7422,1,2025-10-02,synth_hospital seed 20260927,,2026-09-25T00:00:00Z,SYNTH
4500000211,10,M100022,H001,1800,ML,2.7422,1,2025-12-15,synth_hospital seed 20260927,,2026-09-25T00:00:00Z,SYNTH
4500000212,10,M100022,H001,1800,ML,2.7422,1,2026-02-12,synth_hospital seed 20260927,,2026-09-25T00:00:00Z,SYNTH
4500000213,10,M100022,H001,1800,ML,2.7422,1,2026-04-02,synth_hospital seed 20260927,,2026-09-25T00:00:00Z,SYNTH
4500000214,10,M100022,H001,1800,ML,2.7422,1,2026-05-28,synth_hospital seed 20260927,,2026-09-25T00:00:00Z,SYNTH
4500000215,10,M100022,H001,1800,ML,2.7422,1,2026-07-30,synth_hospital seed 20260927,,2026-09-25T00:00:00Z,SYNTH
4500000216,10,M100022,H001,1800,ML,2.7422,1,2026-10-01,synth_hospital seed 20260927,,2026-09-25T00:00:00Z,SYNTH
4500000217,10,M100023,H001,2600,ML,41.6676,1,2025-04-10,synth_hospital seed 20260927,,2026-09-25T00:00:00Z,SYNTH
4500000218,10,M100023,H001,2600,ML,41.6676,1,2025-06-05,synth_hospital seed 20260927,,2026-09-25T00:00:00Z,SYNTH
4500000219,10,M100023,H001,2600,ML,41.6676,1,2025-08-07,synth_hospital seed 20260927,,2026-09-25T00:00:00Z,SYNTH
4500000220,10,M100023,H001,2600,ML,41.6676,1,2025-10-16,synth_hospital seed 20260927,,2026-09-25T00:00:00Z,SYNTH
4500000221,10,M100023,H001,2600,ML,41.6676,1,2025-12-18,synth_hospital seed 20260927,,2026-09-25T00:00:00Z,SYNTH
4500000222,10,M100023,H001,2600,ML,41.6676,1,2026-02-19,synth_hospital seed 20260927,,2026-09-25T00:00:00Z,SYNTH
4500000223,10,M100023,H001,2600,ML,41.6676,1,2026-04-13,synth_hospital seed 20260927,,2026-09-25T00:00:00Z,SYNTH
4500000224,10,M100023,H001,2600,ML,41.6676,1,2026-06-04,synth_hospital seed 20260927,,2026-09-25T00:00:00Z,SYNTH
4500000225,10,M100023,H001,2600,ML,41.6676,1,2026-08-06,synth_hospital seed 20260927,,2026-09-25T00:00:00Z,SYNTH
4500000226,10,M100024,H001,10500,EA,0.8216,1,2025-04-05,synth_hospital seed 20260927,,2026-09-25T00:00:00Z,SYNTH
4500000227,10,M100024,H001,10500,EA,0.8216,1,2025-05-24,synth_hospital seed 20260927,,2026-09-25T00:00:00Z,SYNTH
4500000228,10,M100024,H001,10500,EA,0.8216,1,2025-07-21,synth_hospital seed 20260927,,2026-09-25T00:00:00Z,SYNTH
4500000229,10,M100024,H001,10500,EA,0.8216,1,2025-09-29,synth_hospital seed 20260927,,2026-09-25T00:00:00Z,SYNTH
4500000230,10,M100024,H001,10500,EA,0.8216,1,2025-12-08,synth_hospital seed 20260927,,2026-09-25T00:00:00Z,SYNTH
4500000231,10,M100024,H001,10500,EA,0.8216,1,2026-02-09,synth_hospital seed 20260927,,2026-09-25T00:00:00Z,SYNTH
4500000232,10,M100024,H001,10500,EA,0.8216,1,2026-04-06,synth_hospital seed 20260927,,2026-09-25T00:00:00Z,SYNTH
4500000233,10,M100024,H001,10500,EA,0.8216,1,2026-05-25,synth_hospital seed 20260927,,2026-09-25T00:00:00Z,SYNTH
4500000234,10,M100024,H001,10500,EA,0.8216,1,2026-07-20,synth_hospital seed 20260927,,2026-09-25T00:00:00Z,SYNTH
4500000235,10,M100024,H001,10500,EA,0.8216,1,2026-09-19,synth_hospital seed 20260927,,2026-09-25T00:00:00Z,SYNTH
4500000236,10,M100025,H001,12900,EA,0.6622,1,2025-03-31,synth_hospital seed 20260927,,2026-09-25T00:00:00Z,SYNTH
4500000237,10,M100025,H001,12900,EA,0.6622,1,2025-05-19,synth_hospital seed 20260927,,2026-09-25T00:00:00Z,SYNTH
4500000238,10,M100025,H001,12900,EA,0.6622,1,2025-07-21,synth_hospital seed 20260927,,2026-09-25T00:00:00Z,SYNTH
4500000239,10,M100025,H001,12900,EA,0.6622,1,2025-09-22,synth_hospital seed 20260927,,2026-09-25T00:00:00Z,SYNTH
4500000240,10,M100025,H001,12900,EA,0.6622,1,2025-12-01,synth_hospital seed 20260927,,2026-09-25T00:00:00Z,SYNTH
4500000241,10,M100025,H001,12900,EA,0.6622,1,2026-02-02,synth_hospital seed 20260927,,2026-09-25T00:00:00Z,SYNTH
4500000242,10,M100025,H001,12900,EA,0.6622,1,2026-03-30,synth_hospital seed 20260927,,2026-09-25T00:00:00Z,SYNTH
4500000243,10,M100025,H001,12900,EA,0.6622,1,2026-05-23,synth_hospital seed 20260927,,2026-09-25T00:00:00Z,SYNTH
4500000244,10,M100025,H001,12900,EA,0.6622,1,2026-07-13,synth_hospital seed 20260927,,2026-09-25T00:00:00Z,SYNTH
4500000245,10,M100025,H001,12900,EA,0.6622,1,2026-09-21,synth_hospital seed 20260927,,2026-09-25T00:00:00Z,SYNTH
4500000246,10,M100026,H001,2500,EA,1.9173,1,2025-04-03,synth_hospital seed 20260927,,2026-09-25T00:00:00Z,SYNTH
4500000247,10,M100026,H001,2500,EA,1.9173,1,2025-05-22,synth_hospital seed 20260927,,2026-09-25T00:00:00Z,SYNTH
4500000248,10,M100026,H001,2500,EA,1.9173,1,2025-07-24,synth_hospital seed 20260927,,2026-09-25T00:00:00Z,SYNTH
4500000249,10,M100026,H001,2500,EA,1.9173,1,2025-10-01,synth_hospital seed 20260927,,2026-09-25T00:00:00Z,SYNTH
4500000250,10,M100026,H001,2500,EA,1.9173,1,2025-12-08,synth_hospital seed 20260927,,2026-09-25T00:00:00Z,SYNTH
4500000251,10,M100026,H001,2500,EA,1.9173,1,2026-02-11,synth_hospital seed 20260927,,2026-09-25T00:00:00Z,SYNTH
4500000252,10,M100026,H001,2500,EA,1.9173,1,2026-04-08,synth_hospital seed 20260927,,2026-09-25T00:00:00Z,SYNTH
4500000253,10,M100026,H001,2500,EA,1.9173,1,2026-05-25,synth_hospital seed 20260927,,2026-09-25T00:00:00Z,SYNTH
4500000254,10,M100026,H001,2500,EA,1.9173,1,2026-07-27,synth_hospital seed 20260927,,2026-09-25T00:00:00Z,SYNTH
4500000255,10,M100027,H001,310,EA,56.2418,1,2025-04-02,synth_hospital seed 20260927,,2026-09-25T00:00:00Z,SYNTH
4500000256,10,M100027,H001,310,EA,56.2418,1,2025-05-22,synth_hospital seed 20260927,,2026-09-25T00:00:00Z,SYNTH
4500000257,10,M100027,H001,310,EA,56.2418,1,2025-07-24,synth_hospital seed 20260927,,2026-09-25T00:00:00Z,SYNTH
4500000258,10,M100027,H001,310,EA,56.2418,1,2025-09-18,synth_hospital seed 20260927,,2026-09-25T00:00:00Z,SYNTH
4500000259,10,M100027,H001,310,EA,56.2418,1,2025-11-27,synth_hospital seed 20260927,,2026-09-25T00:00:00Z,SYNTH
4500000260,10,M100027,H001,310,EA,56.2418,1,2026-02-05,synth_hospital seed 20260927,,2026-09-25T00:00:00Z,SYNTH
4500000261,10,M100027,H001,310,EA,56.2418,1,2026-03-26,synth_hospital seed 20260927,,2026-09-25T00:00:00Z,SYNTH
4500000262,10,M100027,H001,310,EA,56.2418,1,2026-05-28,synth_hospital seed 20260927,,2026-09-25T00:00:00Z,SYNTH
4500000263,10,M100027,H001,310,EA,56.2418,1,2026-07-30,synth_hospital seed 20260927,,2026-09-25T00:00:00Z,SYNTH
4500000264,10,M100028,H001,260,EA,50.2216,1,2025-04-02,synth_hospital seed 20260927,,2026-09-25T00:00:00Z,SYNTH
4500000265,10,M100028,H001,260,EA,50.2216,1,2025-05-28,synth_hospital seed 20260927,,2026-09-25T00:00:00Z,SYNTH
4500000266,10,M100028,H001,260,EA,50.2216,1,2025-07-16,synth_hospital seed 20260927,,2026-09-25T00:00:00Z,SYNTH
4500000267,10,M100028,H001,260,EA,50.2216,1,2025-09-17,synth_hospital seed 20260927,,2026-09-25T00:00:00Z,SYNTH
4500000268,10,M100028,H001,260,EA,50.2216,1,2025-11-26,synth_hospital seed 20260927,,2026-09-25T00:00:00Z,SYNTH
4500000269,10,M100028,H001,260,EA,50.2216,1,2026-01-28,synth_hospital seed 20260927,,2026-09-25T00:00:00Z,SYNTH
4500000270,10,M100028,H001,260,EA,50.2216,1,2026-04-06,synth_hospital seed 20260927,,2026-09-25T00:00:00Z,SYNTH
4500000271,10,M100028,H001,260,EA,50.2216,1,2026-05-20,synth_hospital seed 20260927,,2026-09-25T00:00:00Z,SYNTH
4500000272,10,M100028,H001,260,EA,50.2216,1,2026-07-22,synth_hospital seed 20260927,,2026-09-25T00:00:00Z,SYNTH
4500000273,10,M100028,H001,260,EA,50.2216,1,2026-09-30,synth_hospital seed 20260927,,2026-09-25T00:00:00Z,SYNTH
4500000274,10,M100029,H001,22400,EA,1.14,1,2025-03-31,synth_hospital seed 20260927,,2026-09-25T00:00:00Z,SYNTH
4500000275,10,M100029,H001,22400,EA,1.14,1,2025-05-19,synth_hospital seed 20260927,,2026-09-25T00:00:00Z,SYNTH
4500000276,10,M100029,H001,22400,EA,1.14,1,2025-07-14,synth_hospital seed 20260927,,2026-09-25T00:00:00Z,SYNTH
4500000277,10,M100029,H001,22400,EA,1.14,1,2025-09-29,synth_hospital seed 20260927,,2026-09-25T00:00:00Z,SYNTH
4500000278,10,M100029,H001,22400,EA,1.14,1,2025-12-01,synth_hospital seed 20260927,,2026-09-25T00:00:00Z,SYNTH
4500000279,10,M100029,H001,22400,EA,1.14,1,2026-01-26,synth_hospital seed 20260927,,2026-09-25T00:00:00Z,SYNTH
4500000280,10,M100029,H001,22400,EA,1.14,1,2026-03-30,synth_hospital seed 20260927,,2026-09-25T00:00:00Z,SYNTH
4500000281,10,M100029,H001,22400,EA,1.14,1,2026-05-18,synth_hospital seed 20260927,,2026-09-25T00:00:00Z,SYNTH
4500000282,10,M100029,H001,22400,EA,1.14,1,2026-07-20,synth_hospital seed 20260927,,2026-09-25T00:00:00Z,SYNTH
4500000283,10,M100029,H001,22400,EA,1.14,1,2026-09-14,synth_hospital seed 20260927,,2026-09-25T00:00:00Z,SYNTH
4500000284,10,M100030,H001,3100,ML,30.3927,1,2025-04-07,synth_hospital seed 20260927,,2026-09-25T00:00:00Z,SYNTH
4500000285,10,M100030,H001,3100,ML,30.3927,1,2025-05-26,synth_hospital seed 20260927,,2026-09-25T00:00:00Z,SYNTH
4500000286,10,M100030,H001,3100,ML,30.3927,1,2025-07-24,synth_hospital seed 20260927,,2026-09-25T00:00:00Z,SYNTH
4500000287,10,M100030,H001,3100,ML,30.3927,1,2025-09-29,synth_hospital seed 20260927,,2026-09-25T00:00:00Z,SYNTH
4500000288,10,M100030,H001,3100,ML,30.3927,1,2025-12-08,synth_hospital seed 20260927,,2026-09-25T00:00:00Z,SYNTH
4500000289,10,M100030,H001,3100,ML,30.3927,1,2026-02-05,synth_hospital seed 20260927,,2026-09-25T00:00:00Z,SYNTH
4500000290,10,M100030,H001,3100,ML,30.3927,1,2026-03-30,synth_hospital seed 20260927,,2026-09-25T00:00:00Z,SYNTH
4500000291,10,M100030,H001,3100,ML,30.3927,1,2026-05-25,synth_hospital seed 20260927,,2026-09-25T00:00:00Z,SYNTH
4500000292,10,M100030,H001,3100,ML,30.3927,1,2026-07-20,synth_hospital seed 20260927,,2026-09-25T00:00:00Z,SYNTH
4500000293,10,M100030,H001,3100,ML,30.3927,1,2026-09-28,synth_hospital seed 20260927,,2026-09-25T00:00:00Z,SYNTH
4500000294,10,M100031,H001,3500,ML,13.7787,1,2025-03-31,synth_hospital seed 20260927,,2026-09-25T00:00:00Z,SYNTH
4500000295,10,M100031,H001,3500,ML,13.7787,1,2025-05-22,synth_hospital seed 20260927,,2026-09-25T00:00:00Z,SYNTH
4500000296,10,M100031,H001,3500,ML,13.7787,1,2025-07-17,synth_hospital seed 20260927,,2026-09-25T00:00:00Z,SYNTH
4500000297,10,M100031,H001,3500,ML,13.7787,1,2025-09-25,synth_hospital seed 20260927,,2026-09-25T00:00:00Z,SYNTH
4500000298,10,M100031,H001,3500,ML,13.7787,1,2025-11-27,synth_hospital seed 20260927,,2026-09-25T00:00:00Z,SYNTH
4500000299,10,M100031,H001,3500,ML,13.7787,1,2026-01-29,synth_hospital seed 20260927,,2026-09-25T00:00:00Z,SYNTH
4500000300,10,M100031,H001,3500,ML,13.7787,1,2026-03-19,synth_hospital seed 20260927,,2026-09-25T00:00:00Z,SYNTH
4500000301,10,M100031,H001,3500,ML,13.7787,1,2026-05-14,synth_hospital seed 20260927,,2026-09-25T00:00:00Z,SYNTH
4500000302,10,M100031,H001,3500,ML,13.7787,1,2026-07-09,synth_hospital seed 20260927,,2026-09-25T00:00:00Z,SYNTH
4500000303,10,M100031,H001,3500,ML,13.7787,1,2026-09-10,synth_hospital seed 20260927,,2026-09-25T00:00:00Z,SYNTH
4500000304,10,M100032,H001,11300,EA,1.7457,1,2025-03-31,synth_hospital seed 20260927,,2026-09-25T00:00:00Z,SYNTH
4500000305,10,M100032,H001,11300,EA,1.7457,1,2025-05-19,synth_hospital seed 20260927,,2026-09-25T00:00:00Z,SYNTH
4500000306,10,M100032,H001,11300,EA,1.7457,1,2025-07-21,synth_hospital seed 20260927,,2026-09-25T00:00:00Z,SYNTH
4500000307,10,M100032,H001,11300,EA,1.7457,1,2025-09-15,synth_hospital seed 20260927,,2026-09-25T00:00:00Z,SYNTH
4500000308,10,M100032,H001,11300,EA,1.7457,1,2025-11-24,synth_hospital seed 20260927,,2026-09-25T00:00:00Z,SYNTH
4500000309,10,M100032,H001,11300,EA,1.7457,1,2026-01-19,synth_hospital seed 20260927,,2026-09-25T00:00:00Z,SYNTH
4500000310,10,M100032,H001,11300,EA,1.7457,1,2026-03-23,synth_hospital seed 20260927,,2026-09-25T00:00:00Z,SYNTH
4500000311,10,M100032,H001,11300,EA,1.7457,1,2026-05-18,synth_hospital seed 20260927,,2026-09-25T00:00:00Z,SYNTH
4500000312,10,M100032,H001,11300,EA,1.7457,1,2026-07-13,synth_hospital seed 20260927,,2026-09-25T00:00:00Z,SYNTH
4500000313,10,M100032,H001,11300,EA,1.7457,1,2026-09-14,synth_hospital seed 20260927,,2026-09-25T00:00:00Z,SYNTH
4500000314,10,M100033,H001,16900,EA,3.287,1,2025-03-31,synth_hospital seed 20260927,,2026-09-25T00:00:00Z,SYNTH
4500000315,10,M100033,H001,16900,EA,3.287,1,2025-05-24,synth_hospital seed 20260927,,2026-09-25T00:00:00Z,SYNTH
4500000316,10,M100033,H001,16900,EA,3.287,1,2025-07-19,synth_hospital seed 20260927,,2026-09-25T00:00:00Z,SYNTH
4500000317,10,M100033,H001,16900,EA,3.287,1,2025-09-20,synth_hospital seed 20260927,,2026-09-25T00:00:00Z,SYNTH
4500000318,10,M100033,H001,16900,EA,3.287,1,2025-11-24,synth_hospital seed 20260927,,2026-09-25T00:00:00Z,SYNTH
4500000319,10,M100033,H001,16900,EA,3.287,1,2026-01-26,synth_hospital seed 20260927,,2026-09-25T00:00:00Z,SYNTH
4500000320,10,M100033,H001,16900,EA,3.287,1,2026-03-23,synth_hospital seed 20260927,,2026-09-25T00:00:00Z,SYNTH
4500000321,10,M100033,H001,16900,EA,3.287,1,2026-05-16,synth_hospital seed 20260927,,2026-09-25T00:00:00Z,SYNTH
4500000322,10,M100033,H001,16900,EA,3.287,1,2026-07-11,synth_hospital seed 20260927,,2026-09-25T00:00:00Z,SYNTH
4500000323,10,M100033,H001,16900,EA,3.287,1,2026-09-12,synth_hospital seed 20260927,,2026-09-25T00:00:00Z,SYNTH
4500000324,10,M100034,H001,1900,ML,8.1488,1,2025-04-05,synth_hospital seed 20260927,,2026-09-25T00:00:00Z,SYNTH
4500000325,10,M100034,H001,1900,ML,8.1488,1,2025-05-24,synth_hospital seed 20260927,,2026-09-25T00:00:00Z,SYNTH
4500000326,10,M100034,H001,1900,ML,8.1488,1,2025-07-12,synth_hospital seed 20260927,,2026-09-25T00:00:00Z,SYNTH
4500000327,10,M100034,H001,1900,ML,8.1488,1,2025-09-13,synth_hospital seed 20260927,,2026-09-25T00:00:00Z,SYNTH
4500000328,10,M100034,H001,1900,ML,8.1488,1,2025-11-15,synth_hospital seed 20260927,,2026-09-25T00:00:00Z,SYNTH
4500000329,10,M100034,H001,1900,ML,8.1488,1,2026-01-14,synth_hospital seed 20260927,,2026-09-25T00:00:00Z,SYNTH
4500000330,10,M100034,H001,1900,ML,8.1488,1,2026-03-11,synth_hospital seed 20260927,,2026-09-25T00:00:00Z,SYNTH
4500000331,10,M100034,H001,1900,ML,8.1488,1,2026-05-06,synth_hospital seed 20260927,,2026-09-25T00:00:00Z,SYNTH
4500000332,10,M100034,H001,1900,ML,8.1488,1,2026-07-04,synth_hospital seed 20260927,,2026-09-25T00:00:00Z,SYNTH
4500000333,10,M100034,H001,1900,ML,8.1488,1,2026-09-05,synth_hospital seed 20260927,,2026-09-25T00:00:00Z,SYNTH
4500000334,10,M100035,H001,13900,EA,4.2397,1,2025-04-03,synth_hospital seed 20260927,,2026-09-25T00:00:00Z,SYNTH
4500000335,10,M100035,H001,13900,EA,4.2397,1,2025-05-22,synth_hospital seed 20260927,,2026-09-25T00:00:00Z,SYNTH
4500000336,10,M100035,H001,13900,EA,4.2397,1,2025-07-17,synth_hospital seed 20260927,,2026-09-25T00:00:00Z,SYNTH
4500000337,10,M100035,H001,13900,EA,4.2397,1,2025-09-25,synth_hospital seed 20260927,,2026-09-25T00:00:00Z,SYNTH
4500000338,10,M100035,H001,13900,EA,4.2397,1,2025-12-06,synth_hospital seed 20260927,,2026-09-25T00:00:00Z,SYNTH
4500000339,10,M100035,H001,13900,EA,4.2397,1,2026-02-02,synth_hospital seed 20260927,,2026-09-25T00:00:00Z,SYNTH
4500000340,10,M100035,H001,13900,EA,4.2397,1,2026-03-23,synth_hospital seed 20260927,,2026-09-25T00:00:00Z,SYNTH
4500000341,10,M100035,H001,13900,EA,4.2397,1,2026-05-18,synth_hospital seed 20260927,,2026-09-25T00:00:00Z,SYNTH
4500000342,10,M100035,H001,13900,EA,4.2397,1,2026-07-13,synth_hospital seed 20260927,,2026-09-25T00:00:00Z,SYNTH
4500000343,10,M100035,H001,13900,EA,4.2397,1,2026-09-26,synth_hospital seed 20260927,,2026-09-25T00:00:00Z,SYNTH
4500000344,10,M100036,H001,11500,EA,0.2177,1,2025-04-07,synth_hospital seed 20260927,,2026-09-25T00:00:00Z,SYNTH
4500000345,10,M100036,H001,11500,EA,0.2177,1,2025-05-29,synth_hospital seed 20260927,,2026-09-25T00:00:00Z,SYNTH
4500000346,10,M100036,H001,11500,EA,0.2177,1,2025-07-24,synth_hospital seed 20260927,,2026-09-25T00:00:00Z,SYNTH
4500000347,10,M100036,H001,11500,EA,0.2177,1,2025-09-25,synth_hospital seed 20260927,,2026-09-25T00:00:00Z,SYNTH
4500000348,10,M100036,H001,11500,EA,0.2177,1,2025-12-04,synth_hospital seed 20260927,,2026-09-25T00:00:00Z,SYNTH
4500000349,10,M100036,H001,11500,EA,0.2177,1,2026-02-09,synth_hospital seed 20260927,,2026-09-25T00:00:00Z,SYNTH
4500000350,10,M100036,H001,11500,EA,0.2177,1,2026-04-02,synth_hospital seed 20260927,,2026-09-25T00:00:00Z,SYNTH
4500000351,10,M100036,H001,11500,EA,0.2177,1,2026-05-21,synth_hospital seed 20260927,,2026-09-25T00:00:00Z,SYNTH
4500000352,10,M100036,H001,11500,EA,0.2177,1,2026-07-16,synth_hospital seed 20260927,,2026-09-25T00:00:00Z,SYNTH
4500000353,10,M100036,H001,11500,EA,0.2177,1,2026-09-24,synth_hospital seed 20260927,,2026-09-25T00:00:00Z,SYNTH
4500000354,10,M100037,H001,2400,ML,0.666,1,2025-04-05,synth_hospital seed 20260927,,2026-09-25T00:00:00Z,SYNTH
4500000355,10,M100037,H001,2400,ML,0.666,1,2025-05-22,synth_hospital seed 20260927,,2026-09-25T00:00:00Z,SYNTH
4500000356,10,M100037,H001,2400,ML,0.666,1,2025-07-24,synth_hospital seed 20260927,,2026-09-25T00:00:00Z,SYNTH
4500000357,10,M100037,H001,2400,ML,0.666,1,2025-09-25,synth_hospital seed 20260927,,2026-09-25T00:00:00Z,SYNTH
4500000358,10,M100037,H001,2400,ML,0.666,1,2025-12-01,synth_hospital seed 20260927,,2026-09-25T00:00:00Z,SYNTH
4500000359,10,M100037,H001,2400,ML,0.666,1,2026-02-02,synth_hospital seed 20260927,,2026-09-25T00:00:00Z,SYNTH
4500000360,10,M100037,H001,2400,ML,0.666,1,2026-03-30,synth_hospital seed 20260927,,2026-09-25T00:00:00Z,SYNTH
4500000361,10,M100037,H001,2400,ML,0.666,1,2026-05-25,synth_hospital seed 20260927,,2026-09-25T00:00:00Z,SYNTH
4500000362,10,M100037,H001,2400,ML,0.666,1,2026-08-01,synth_hospital seed 20260927,,2026-09-25T00:00:00Z,SYNTH
4500000363,10,M100037,H001,2400,ML,0.666,1,2026-09-28,synth_hospital seed 20260927,,2026-09-25T00:00:00Z,SYNTH
4500000364,10,M100038,H001,23900,EA,0.205,1,2025-04-03,synth_hospital seed 20260927,,2026-09-25T00:00:00Z,SYNTH
4500000365,10,M100038,H001,23900,EA,0.205,1,2025-06-02,synth_hospital seed 20260927,,2026-09-25T00:00:00Z,SYNTH
4500000366,10,M100038,H001,23900,EA,0.205,1,2025-07-28,synth_hospital seed 20260927,,2026-09-25T00:00:00Z,SYNTH
4500000367,10,M100038,H001,23900,EA,0.205,1,2025-09-29,synth_hospital seed 20260927,,2026-09-25T00:00:00Z,SYNTH
4500000368,10,M100038,H001,23900,EA,0.205,1,2025-12-08,synth_hospital seed 20260927,,2026-09-25T00:00:00Z,SYNTH
4500000369,10,M100038,H001,23900,EA,0.205,1,2026-02-09,synth_hospital seed 20260927,,2026-09-25T00:00:00Z,SYNTH
4500000370,10,M100038,H001,23900,EA,0.205,1,2026-04-06,synth_hospital seed 20260927,,2026-09-25T00:00:00Z,SYNTH
4500000371,10,M100038,H001,23900,EA,0.205,1,2026-05-21,synth_hospital seed 20260927,,2026-09-25T00:00:00Z,SYNTH
4500000372,10,M100038,H001,23900,EA,0.205,1,2026-07-20,synth_hospital seed 20260927,,2026-09-25T00:00:00Z,SYNTH
4500000373,10,M100038,H001,23900,EA,0.205,1,2026-09-28,synth_hospital seed 20260927,,2026-09-25T00:00:00Z,SYNTH
4500000374,10,M100039,H001,760,EA,8.7822,1,2025-04-10,synth_hospital seed 20260927,,2026-09-25T00:00:00Z,SYNTH
4500000375,10,M100039,H001,760,EA,8.7822,1,2025-06-05,synth_hospital seed 20260927,,2026-09-25T00:00:00Z,SYNTH
4500000376,10,M100039,H001,760,EA,8.7822,1,2025-08-07,synth_hospital seed 20260927,,2026-09-25T00:00:00Z,SYNTH
4500000377,10,M100039,H001,760,EA,8.7822,1,2025-10-13,synth_hospital seed 20260927,,2026-09-25T00:00:00Z,SYNTH
4500000378,10,M100039,H001,760,EA,8.7822,1,2025-12-15,synth_hospital seed 20260927,,2026-09-25T00:00:00Z,SYNTH
4500000379,10,M100039,H001,760,EA,8.7822,1,2026-02-09,synth_hospital seed 20260927,,2026-09-25T00:00:00Z,SYNTH
4500000380,10,M100039,H001,760,EA,8.7822,1,2026-04-20,synth_hospital seed 20260927,,2026-09-25T00:00:00Z,SYNTH
4500000381,10,M100039,H001,760,EA,8.7822,1,2026-06-08,synth_hospital seed 20260927,,2026-09-25T00:00:00Z,SYNTH
4500000382,10,M100039,H001,760,EA,8.7822,1,2026-07-27,synth_hospital seed 20260927,,2026-09-25T00:00:00Z,SYNTH
4500000383,10,M100040,H001,1400,EA,14.1,1,2025-04-03,synth_hospital seed 20260927,,2026-09-25T00:00:00Z,SYNTH
4500000384,10,M100040,H001,1400,EA,14.1,1,2025-05-22,synth_hospital seed 20260927,,2026-09-25T00:00:00Z,SYNTH
4500000385,10,M100040,H001,1400,EA,14.1,1,2025-07-17,synth_hospital seed 20260927,,2026-09-25T00:00:00Z,SYNTH
4500000386,10,M100040,H001,1400,EA,14.1,1,2025-09-25,synth_hospital seed 20260927,,2026-09-25T00:00:00Z,SYNTH
4500000387,10,M100040,H001,1400,EA,14.1,1,2025-11-24,synth_hospital seed 20260927,,2026-09-25T00:00:00Z,SYNTH
4500000388,10,M100040,H001,1400,EA,14.1,1,2026-01-29,synth_hospital seed 20260927,,2026-09-25T00:00:00Z,SYNTH
4500000389,10,M100040,H001,1400,EA,14.1,1,2026-03-23,synth_hospital seed 20260927,,2026-09-25T00:00:00Z,SYNTH
4500000390,10,M100040,H001,1400,EA,14.1,1,2026-05-18,synth_hospital seed 20260927,,2026-09-25T00:00:00Z,SYNTH
4500000391,10,M100040,H001,1400,EA,14.1,1,2026-07-13,synth_hospital seed 20260927,,2026-09-25T00:00:00Z,SYNTH
4500000392,10,M100040,H001,1400,EA,14.1,1,2026-09-21,synth_hospital seed 20260927,,2026-09-25T00:00:00Z,SYNTH
