MATNR,WERKS,LGORT,CHARG,CLABS,CINSM,CSPEM,VFDAT,HSDAT,MANUFACTURER_ID,SOURCE,SOURCE_URL,FETCHED_AT,IS_PROXY
M100001,H001,CENT,SY260500011,608.0,0,0,2028-04-15,,MFR-ASTER-MEDICINES-6DFAA1,synth_hospital seed 20260927,,2026-09-25T00:00:00Z,SYNTH
M100001,H001,CENT,SY260900013,2673.0,0,0,2027-03-07,,MFR-RATHI-LABORATORIES-0DCC5D,synth_hospital seed 20260927,,2026-09-25T00:00:00Z,SYNTH
M100001,H001,ABLK,SY260500011,146.0,0,0,2028-04-15,,MFR-ASTER-MEDICINES-6DFAA1,synth_hospital seed 20260927,,2026-09-25T00:00:00Z,SYNTH
M100001,H001,ABLK,SY260700012,199.0,0,0,2028-03-31,,MFR-HEALTH-BIOTECH-980258,synth_hospital seed 20260927,,2026-09-25T00:00:00Z,SYNTH
M100001,H001,CBLK,SY260500011,278.0,0,0,2028-04-15,,MFR-ASTER-MEDICINES-6DFAA1,synth_hospital seed 20260927,,2026-09-25T00:00:00Z,SYNTH
M100002,H001,CENT,SY260900028,9628.0,0,0,2029-07-10,,MFR-MERCURY-LABORATORIES-C9CEBB,synth_hospital seed 20260927,,2026-09-25T00:00:00Z,SYNTH
M100002,H001,ABLK,SY260600027,1062.0,0,0,2029-02-26,,MFR-RELIEF-BIOTECH-C49461,synth_hospital seed 20260927,,2026-09-25T00:00:00Z,SYNTH
M100002,H001,ABLK,SY260900028,91.0,0,0,2029-07-10,,MFR-MERCURY-LABORATORIES-C9CEBB,synth_hospital seed 20260927,,2026-09-25T00:00:00Z,SYNTH
M100002,H001,BBLK,SY260600027,173.0,0,0,2029-02-26,,MFR-RELIEF-BIOTECH-C49461,synth_hospital seed 20260927,,2026-09-25T00:00:00Z,SYNTH
M100002,H001,BBLK,SY260900028,975.0,0,0,2029-07-10,,MFR-MERCURY-LABORATORIES-C9CEBB,synth_hospital seed 20260927,,2026-09-25T00:00:00Z,SYNTH
M100002,H001,CBLK,SY260600027,171.0,0,0,2029-02-26,,MFR-RELIEF-BIOTECH-C49461,synth_hospital seed 20260927,,2026-09-25T00:00:00Z,SYNTH
M100002,H001,CBLK,SY260900028,702.0,0,0,2029-07-10,,MFR-MERCURY-LABORATORIES-C9CEBB,synth_hospital seed 20260927,,2026-09-25T00:00:00Z,SYNTH
M100002,H001,ONCO,SY260600027,37.0,0,0,2029-02-26,,MFR-RELIEF-BIOTECH-C49461,synth_hospital seed 20260927,,2026-09-25T00:00:00Z,SYNTH
M100002,H001,ONCO,SY260900028,253.0,0,0,2029-07-10,,MFR-MERCURY-LABORATORIES-C9CEBB,synth_hospital seed 20260927,,2026-09-25T00:00:00Z,SYNTH
M100003,H001,CENT,SY260900042,10312.0,0,0,2029-07-23,,,synth_hospital seed 20260927,,2026-09-25T00:00:00Z,SYNTH
M100003,H001,ABLK,SY260700041,1199.0,0,0,2029-05-25,,,synth_hospital seed 20260927,,2026-09-25T00:00:00Z,SYNTH
M100003,H001,BBLK,SY260700041,1129.0,0,0,2029-05-25,,,synth_hospital seed 20260927,,2026-09-25T00:00:00Z,SYNTH
M100003,H001,BBLK,SY260900042,69.0,0,0,2029-07-23,,,synth_hospital seed 20260927,,2026-09-25T00:00:00Z,SYNTH
M100003,H001,CBLK,SY260700041,143.0,0,0,2029-05-25,,,synth_hospital seed 20260927,,2026-09-25T00:00:00Z,SYNTH
M100003,H001,CBLK,SY260900042,724.0,0,0,2029-07-23,,,synth_hospital seed 20260927,,2026-09-25T00:00:00Z,SYNTH
M100004,H001,CENT,SY260700054,47.0,0,0,2028-04-03,,MFR-PHARMA-IMPEX-LABORATORIE-E08183,synth_hospital seed 20260927,,2026-09-25T00:00:00Z,SYNTH
M100004,H001,BBLK,SY260700054,69.0,0,0,2028-04-03,,MFR-PHARMA-IMPEX-LABORATORIE-E08183,synth_hospital seed 20260927,,2026-09-25T00:00:00Z,SYNTH
M100004,H001,CBLK,SY260700054,56.0,0,0,2028-04-03,,MFR-PHARMA-IMPEX-LABORATORIE-E08183,synth_hospital seed 20260927,,2026-09-25T00:00:00Z,SYNTH
M100005,H001,CENT,SY260700067,7.0,0,0,2028-05-19,,,synth_hospital seed 20260927,,2026-09-25T00:00:00Z,SYNTH
M100005,H001,CENT,SY260900068,1490.0,0,0,2028-07-15,,,synth_hospital seed 20260927,,2026-09-25T00:00:00Z,SYNTH
M100005,H001,BBLK,SY260700067,169.0,0,0,2028-05-19,,,synth_hospital seed 20260927,,2026-09-25T00:00:00Z,SYNTH
M100005,H001,CBLK,SY260700067,136.0,0,0,2028-05-19,,,synth_hospital seed 20260927,,2026-09-25T00:00:00Z,SYNTH
M100005,H001,ONCO,SY260700067,53.0,0,0,2028-05-19,,,synth_hospital seed 20260927,,2026-09-25T00:00:00Z,SYNTH
M100006,H001,CENT,SY260900083,1145.0,0,0,2028-07-04,,,synth_hospital seed 20260927,,2026-09-25T00:00:00Z,SYNTH
M100006,H001,ABLK,SY260700082,133.0,0,0,2028-05-03,,,synth_hospital seed 20260927,,2026-09-25T00:00:00Z,SYNTH
M100006,H001,BBLK,SY260700082,86.0,0,0,2028-05-03,,,synth_hospital seed 20260927,,2026-09-25T00:00:00Z,SYNTH
M100006,H001,BBLK,SY260900083,44.0,0,0,2028-07-04,,,synth_hospital seed 20260927,,2026-09-25T00:00:00Z,SYNTH
M100006,H001,CBLK,SY260700082,7.0,0,0,2028-05-03,,,synth_hospital seed 20260927,,2026-09-25T00:00:00Z,SYNTH
M100006,H001,CBLK,SY260900083,83.0,0,0,2028-07-04,,,synth_hospital seed 20260927,,2026-09-25T00:00:00Z,SYNTH
M100006,H001,ONCO,SY260700082,1.0,0,0,2028-05-03,,,synth_hospital seed 20260927,,2026-09-25T00:00:00Z,SYNTH
M100006,H001,ONCO,SY260900083,26.0,0,0,2028-07-04,,,synth_hospital seed 20260927,,2026-09-25T00:00:00Z,SYNTH
M100007,H001,CENT,SY260900098,8129.0,0,0,2029-05-21,,MFR-LIFE-MAX-CANCER-LABORATO-6BCCB9,synth_hospital seed 20260927,,2026-09-25T00:00:00Z,SYNTH
M100007,H001,ABLK,SY260700097,894.0,0,0,2029-03-05,,MFR-LIFE-MAX-CANCER-LABORATO-6BCCB9,synth_hospital seed 20260927,,2026-09-25T00:00:00Z,SYNTH
M100007,H001,BBLK,SY260700097,883.0,0,0,2029-03-05,,MFR-LIFE-MAX-CANCER-LABORATO-6BCCB9,synth_hospital seed 20260927,,2026-09-25T00:00:00Z,SYNTH
M100007,H001,CBLK,SY260700097,179.0,0,0,2029-03-05,,MFR-LIFE-MAX-CANCER-LABORATO-6BCCB9,synth_hospital seed 20260927,,2026-09-25T00:00:00Z,SYNTH
M100007,H001,CBLK,SY260900098,469.0,0,0,2029-05-21,,MFR-LIFE-MAX-CANCER-LABORATO-6BCCB9,synth_hospital seed 20260927,,2026-09-25T00:00:00Z,SYNTH
M100007,H001,ONCO,SY260700097,70.0,0,0,2029-03-05,,MFR-LIFE-MAX-CANCER-LABORATO-6BCCB9,synth_hospital seed 20260927,,2026-09-25T00:00:00Z,SYNTH
M100007,H001,ONCO,SY260900098,160.0,0,0,2029-05-21,,MFR-LIFE-MAX-CANCER-LABORATO-6BCCB9,synth_hospital seed 20260927,,2026-09-25T00:00:00Z,SYNTH
M100008,H001,CENT,SY260700110,852.0,0,0,2028-04-04,,MFR-MARTIN-BROWN-BIO-SCIENCE-1AAED3,synth_hospital seed 20260927,,2026-09-25T00:00:00Z,SYNTH
M100008,H001,BBLK,SY260700110,452.0,0,0,2028-04-04,,MFR-MARTIN-BROWN-BIO-SCIENCE-1AAED3,synth_hospital seed 20260927,,2026-09-25T00:00:00Z,SYNTH
M100008,H001,CBLK,SY260700110,353.0,0,0,2028-04-04,,MFR-MARTIN-BROWN-BIO-SCIENCE-1AAED3,synth_hospital seed 20260927,,2026-09-25T00:00:00Z,SYNTH
M100009,H001,CENT,SY260700123,25.0,0,0,2028-03-30,,,synth_hospital seed 20260927,,2026-09-25T00:00:00Z,SYNTH
M100009,H001,CENT,SY260900124,340.0,0,0,2028-06-18,,,synth_hospital seed 20260927,,2026-09-25T00:00:00Z,SYNTH
M100009,H001,ABLK,SY260700123,38.0,0,0,2028-03-30,,,synth_hospital seed 20260927,,2026-09-25T00:00:00Z,SYNTH
M100009,H001,BBLK,SY260700123,31.0,0,0,2028-03-30,,,synth_hospital seed 20260927,,2026-09-25T00:00:00Z,SYNTH
M100009,H001,CBLK,SY260700123,28.0,0,0,2028-03-30,,,synth_hospital seed 20260927,,2026-09-25T00:00:00Z,SYNTH
M100010,H001,CENT,SY260700137,270.0,0,0,2028-06-16,,,synth_hospital seed 20260927,,2026-09-25T00:00:00Z,SYNTH
M100010,H001,ABLK,SY260700137,164.0,0,0,2028-06-16,,,synth_hospital seed 20260927,,2026-09-25T00:00:00Z,SYNTH
M100010,H001,BBLK,SY260700137,157.0,0,0,2028-06-16,,,synth_hospital seed 20260927,,2026-09-25T00:00:00Z,SYNTH
M100010,H001,CBLK,SY260700137,115.0,0,0,2028-06-16,,,synth_hospital seed 20260927,,2026-09-25T00:00:00Z,SYNTH
M100011,H001,CENT,SY260400149,213.0,0,0,2028-02-10,,,synth_hospital seed 20260927,,2026-09-25T00:00:00Z,SYNTH
M100011,H001,CENT,SY260800151,237.0,0,0,2026-12-09,,,synth_hospital seed 20260927,,2026-09-25T00:00:00Z,SYNTH
M100011,H001,ABLK,SY260400149,24.0,0,0,2028-02-10,,,synth_hospital seed 20260927,,2026-09-25T00:00:00Z,SYNTH
M100011,H001,ABLK,SY260800151,135.0,0,0,2026-12-09,,,synth_hospital seed 20260927,,2026-09-25T00:00:00Z,SYNTH
M100011,H001,BBLK,SY260400149,47.0,0,0,2028-02-10,,,synth_hospital seed 20260927,,2026-09-25T00:00:00Z,SYNTH
M100011,H001,BBLK,SY260800151,116.0,0,0,2026-12-09,,,synth_hospital seed 20260927,,2026-09-25T00:00:00Z,SYNTH
M100011,H001,CBLK,SY260400149,39.0,0,0,2028-02-10,,,synth_hospital seed 20260927,,2026-09-25T00:00:00Z,SYNTH
M100011,H001,CBLK,SY260800151,90.0,0,0,2026-12-09,,,synth_hospital seed 20260927,,2026-09-25T00:00:00Z,SYNTH
M100011,H001,ONCO,SY260400149,2.0,0,0,2028-02-10,,,synth_hospital seed 20260927,,2026-09-25T00:00:00Z,SYNTH
M100011,H001,ONCO,SY260800151,44.0,0,0,2026-12-09,,,synth_hospital seed 20260927,,2026-09-25T00:00:00Z,SYNTH
M100012,H001,CENT,SY260800162,784.0,0,0,2028-06-03,,,synth_hospital seed 20260927,,2026-09-25T00:00:00Z,SYNTH
M100012,H001,ONCO,SY260400160,9.0,0,0,2028-03-08,,,synth_hospital seed 20260927,,2026-09-25T00:00:00Z,SYNTH
M100012,H001,ONCO,SY260800162,41.0,0,0,2028-06-03,,,synth_hospital seed 20260927,,2026-09-25T00:00:00Z,SYNTH
M100013,H001,CENT,SY260900175,6848.0,0,0,2029-07-25,,,synth_hospital seed 20260927,,2026-09-25T00:00:00Z,SYNTH
M100013,H001,ABLK,SY260700174,950.0,0,0,2029-02-27,,,synth_hospital seed 20260927,,2026-09-25T00:00:00Z,SYNTH
M100013,H001,CBLK,SY260700174,525.0,0,0,2029-02-27,,,synth_hospital seed 20260927,,2026-09-25T00:00:00Z,SYNTH
M100013,H001,CBLK,SY260900175,185.0,0,0,2029-07-25,,,synth_hospital seed 20260927,,2026-09-25T00:00:00Z,SYNTH
M100014,H001,CENT,SY260700187,2382.0,0,0,2029-03-04,,,synth_hospital seed 20260927,,2026-09-25T00:00:00Z,SYNTH
M100014,H001,CENT,SY260900188,12800.0,0,0,2029-06-04,,,synth_hospital seed 20260927,,2026-09-25T00:00:00Z,SYNTH
M100014,H001,CBLK,SY260700187,1572.0,0,0,2029-03-04,,,synth_hospital seed 20260927,,2026-09-25T00:00:00Z,SYNTH
M100014,H001,ONCO,SY260700187,510.0,0,0,2029-03-04,,,synth_hospital seed 20260927,,2026-09-25T00:00:00Z,SYNTH
M100015,H001,CENT,SY260700198,116.0,0,0,2028-03-24,,,synth_hospital seed 20260927,,2026-09-25T00:00:00Z,SYNTH
M100015,H001,ONCO,SY260700198,15.0,0,0,2028-03-24,,,synth_hospital seed 20260927,,2026-09-25T00:00:00Z,SYNTH
M100016,H001,CENT,SY260700209,4038.0,0,0,2029-05-09,,,synth_hospital seed 20260927,,2026-09-25T00:00:00Z,SYNTH
M100016,H001,CENT,SY260900210,0,15800.0,0,2029-05-11,,,synth_hospital seed 20260927,,2026-09-25T00:00:00Z,SYNTH
M100016,H001,CBLK,SY260700209,2078.0,0,0,2029-05-09,,,synth_hospital seed 20260927,,2026-09-25T00:00:00Z,SYNTH
M100017,H001,CENT,SY260800224,7363.0,0,0,2029-05-20,,,synth_hospital seed 20260927,,2026-09-25T00:00:00Z,SYNTH
M100017,H001,ABLK,SY260400222,77.0,0,0,2029-01-23,,,synth_hospital seed 20260927,,2026-09-25T00:00:00Z,SYNTH
M100017,H001,ABLK,SY260800224,1496.0,0,0,2029-05-20,,,synth_hospital seed 20260927,,2026-09-25T00:00:00Z,SYNTH
M100017,H001,BBLK,SY260400222,49.0,0,0,2029-01-23,,,synth_hospital seed 20260927,,2026-09-25T00:00:00Z,SYNTH
M100017,H001,BBLK,SY260800224,1506.0,0,0,2029-05-20,,,synth_hospital seed 20260927,,2026-09-25T00:00:00Z,SYNTH
M100017,H001,CBLK,SY260800224,1189.0,0,0,2029-05-20,,,synth_hospital seed 20260927,,2026-09-25T00:00:00Z,SYNTH
M100018,H001,CENT,SY260900237,421.0,0,0,2028-07-18,,,synth_hospital seed 20260927,,2026-09-25T00:00:00Z,SYNTH
M100018,H001,BBLK,SY260700236,53.0,0,0,2028-04-27,,,synth_hospital seed 20260927,,2026-09-25T00:00:00Z,SYNTH
M100018,H001,CBLK,SY260700236,45.0,0,0,2028-04-27,,,synth_hospital seed 20260927,,2026-09-25T00:00:00Z,SYNTH
M100019,H001,CENT,SY260700250,2520.0,0,0,2029-05-18,,,synth_hospital seed 20260927,,2026-09-25T00:00:00Z,SYNTH
M100019,H001,CENT,SY260900251,6355.0,0,0,2027-04-02,,,synth_hospital seed 20260927,,2026-09-25T00:00:00Z,SYNTH
M100019,H001,ABLK,SY260700250,365.0,0,0,2029-05-18,,,synth_hospital seed 20260927,,2026-09-25T00:00:00Z,SYNTH
M100019,H001,ABLK,SY260900251,578.0,0,0,2027-04-02,,,synth_hospital seed 20260927,,2026-09-25T00:00:00Z,SYNTH
M100019,H001,BBLK,SY260700250,354.0,0,0,2029-05-18,,,synth_hospital seed 20260927,,2026-09-25T00:00:00Z,SYNTH
M100019,H001,BBLK,SY260900251,581.0,0,0,2027-04-02,,,synth_hospital seed 20260927,,2026-09-25T00:00:00Z,SYNTH
M100019,H001,CBLK,SY260700250,245.0,0,0,2029-05-18,,,synth_hospital seed 20260927,,2026-09-25T00:00:00Z,SYNTH
M100019,H001,CBLK,SY260900251,450.0,0,0,2027-04-02,,,synth_hospital seed 20260927,,2026-09-25T00:00:00Z,SYNTH
M100020,H001,CENT,SY260700264,1686.0,0,0,2029-06-08,,MFR-VIVEK-PHARMACHEM-D8CBC7,synth_hospital seed 20260927,,2026-09-25T00:00:00Z,SYNTH
M100020,H001,CENT,SY260900265,0,23900.0,0,2029-06-18,,MFR-VIVEK-PHARMACHEM-D8CBC7,synth_hospital seed 20260927,,2026-09-25T00:00:00Z,SYNTH
M100020,H001,ABLK,SY260700264,2443.0,0,0,2029-06-08,,MFR-VIVEK-PHARMACHEM-D8CBC7,synth_hospital seed 20260927,,2026-09-25T00:00:00Z,SYNTH
M100020,H001,BBLK,SY260700264,2430.0,0,0,2029-06-08,,MFR-VIVEK-PHARMACHEM-D8CBC7,synth_hospital seed 20260927,,2026-09-25T00:00:00Z,SYNTH
M100020,H001,CBLK,SY260700264,1829.0,0,0,2029-06-08,,MFR-VIVEK-PHARMACHEM-D8CBC7,synth_hospital seed 20260927,,2026-09-25T00:00:00Z,SYNTH
M100021,H001,CENT,SY260600276,286.0,0,0,2028-05-08,,,synth_hospital seed 20260927,,2026-09-25T00:00:00Z,SYNTH
M100021,H001,CENT,SY260800277,294.0,0,0,2028-04-22,,,synth_hospital seed 20260927,,2026-09-25T00:00:00Z,SYNTH
M100021,H001,ABLK,SY260600276,54.0,0,0,2028-05-08,,,synth_hospital seed 20260927,,2026-09-25T00:00:00Z,SYNTH
M100021,H001,ABLK,SY260800277,163.0,0,0,2028-04-22,,,synth_hospital seed 20260927,,2026-09-25T00:00:00Z,SYNTH
M100021,H001,CBLK,SY260600276,55.0,0,0,2028-05-08,,,synth_hospital seed 20260927,,2026-09-25T00:00:00Z,SYNTH
M100021,H001,CBLK,SY260800277,105.0,0,0,2028-04-22,,,synth_hospital seed 20260927,,2026-09-25T00:00:00Z,SYNTH
M100022,H001,CENT,SY260500287,327.0,0,0,2028-02-15,,MFR-SVP-LIFE-SCIENCES-D0DE12,synth_hospital seed 20260927,,2026-09-25T00:00:00Z,SYNTH
M100022,H001,CENT,23BUH50,217.0,0,0,2026-10-23,,MFR-SVP-LIFE-SCIENCE-EED2C0,synth_hospital seed 20260927,,2026-09-25T00:00:00Z,SYNTH
M100022,H001,BBLK,SY260500287,76.0,0,0,2028-02-15,,MFR-SVP-LIFE-SCIENCES-D0DE12,synth_hospital seed 20260927,,2026-09-25T00:00:00Z,SYNTH
M100022,H001,BBLK,23BUH50,209.0,0,0,2026-10-23,,MFR-SVP-LIFE-SCIENCE-EED2C0,synth_hospital seed 20260927,,2026-09-25T00:00:00Z,SYNTH
M100023,H001,CENT,SY260800298,1611.0,0,0,2028-05-03,,MFR-NANDANI-MEDICAL-LABORATO-595B8E,synth_hospital seed 20260927,,2026-09-25T00:00:00Z,SYNTH
M100024,H001,CENT,SY260700310,577.0,0,0,2029-04-19,,,synth_hospital seed 20260927,,2026-09-25T00:00:00Z,SYNTH
M100024,H001,ABLK,SY260700310,1353.0,0,0,2029-04-19,,,synth_hospital seed 20260927,,2026-09-25T00:00:00Z,SYNTH
M100024,H001,CBLK,SY260700310,1009.0,0,0,2029-04-19,,,synth_hospital seed 20260927,,2026-09-25T00:00:00Z,SYNTH
M100025,H001,CENT,SY260700322,1413.0,0,0,2029-05-27,,,synth_hospital seed 20260927,,2026-09-25T00:00:00Z,SYNTH
M100025,H001,CENT,SY260900323,12900.0,0,0,2029-06-08,,,synth_hospital seed 20260927,,2026-09-25T00:00:00Z,SYNTH
M100025,H001,ABLK,SY260700322,1533.0,0,0,2029-05-27,,,synth_hospital seed 20260927,,2026-09-25T00:00:00Z,SYNTH
M100025,H001,BBLK,SY260700322,1569.0,0,0,2029-05-27,,,synth_hospital seed 20260927,,2026-09-25T00:00:00Z,SYNTH
M100026,H001,CENT,SY260700335,795.0,0,0,2029-05-16,,,synth_hospital seed 20260927,,2026-09-25T00:00:00Z,SYNTH
M100026,H001,ABLK,SY260700335,316.0,0,0,2029-05-16,,,synth_hospital seed 20260927,,2026-09-25T00:00:00Z,SYNTH
M100026,H001,CBLK,SY260700335,235.0,0,0,2029-05-16,,,synth_hospital seed 20260927,,2026-09-25T00:00:00Z,SYNTH
M100027,H001,CENT,SY260700348,89.0,0,0,2028-04-22,,,synth_hospital seed 20260927,,2026-09-25T00:00:00Z,SYNTH
M100027,H001,ABLK,SY260500347,2.0,0,0,2028-04-03,,,synth_hospital seed 20260927,,2026-09-25T00:00:00Z,SYNTH
M100027,H001,ABLK,SY260700348,27.0,0,0,2028-04-22,,,synth_hospital seed 20260927,,2026-09-25T00:00:00Z,SYNTH
M100027,H001,BBLK,SY260700348,33.0,0,0,2028-04-22,,,synth_hospital seed 20260927,,2026-09-25T00:00:00Z,SYNTH
M100027,H001,CBLK,SY260700348,25.0,0,0,2028-04-22,,,synth_hospital seed 20260927,,2026-09-25T00:00:00Z,SYNTH
M100028,H001,CENT,SY260500360,31.0,0,0,2028-03-17,,,synth_hospital seed 20260927,,2026-09-25T00:00:00Z,SYNTH
M100028,H001,ABLK,SY260500360,6.0,0,0,2028-03-17,,,synth_hospital seed 20260927,,2026-09-25T00:00:00Z,SYNTH
M100028,H001,ABLK,SY260700361,22.0,0,0,2026-12-14,,,synth_hospital seed 20260927,,2026-09-25T00:00:00Z,SYNTH
M100028,H001,BBLK,SY260500360,18.0,0,0,2028-03-17,,,synth_hospital seed 20260927,,2026-09-25T00:00:00Z,SYNTH
M100028,H001,BBLK,SY260700361,7.0,0,0,2026-12-14,,,synth_hospital seed 20260927,,2026-09-25T00:00:00Z,SYNTH
M100028,H001,CBLK,SY260500360,20.0,0,0,2028-03-17,,,synth_hospital seed 20260927,,2026-09-25T00:00:00Z,SYNTH
M100029,H001,CENT,SY260500372,333.0,0,0,2029-03-16,,MFR-MEDIVS-BIOSCIENCES-F8A351,synth_hospital seed 20260927,,2026-09-25T00:00:00Z,SYNTH
M100029,H001,CENT,SY260900374,22400.0,0,0,2029-07-04,,MFR-SHIVA-BIOGENETIC-LABORAT-BFCCDC,synth_hospital seed 20260927,,2026-09-25T00:00:00Z,SYNTH
M100029,H001,BBLK,SY260500372,2587.0,0,0,2029-03-16,,MFR-MEDIVS-BIOSCIENCES-F8A351,synth_hospital seed 20260927,,2026-09-25T00:00:00Z,SYNTH
M100029,H001,BBLK,SY260700373,255.0,0,0,2029-03-12,,MFR-J-B-CHEMICALS-PHARMACEUT-3BF69C,synth_hospital seed 20260927,,2026-09-25T00:00:00Z,SYNTH
M100029,H001,CBLK,SY260500372,2138.0,0,0,2029-03-16,,MFR-MEDIVS-BIOSCIENCES-F8A351,synth_hospital seed 20260927,,2026-09-25T00:00:00Z,SYNTH
M100030,H001,CENT,SY260700386,325.0,0,0,2028-04-09,,,synth_hospital seed 20260927,,2026-09-25T00:00:00Z,SYNTH
M100030,H001,BBLK,SY260700386,420.0,0,0,2028-04-09,,,synth_hospital seed 20260927,,2026-09-25T00:00:00Z,SYNTH
M100030,H001,CBLK,SY260700386,295.0,0,0,2028-04-09,,,synth_hospital seed 20260927,,2026-09-25T00:00:00Z,SYNTH
M100031,H001,CENT,SY260700398,894.0,0,0,2028-06-06,,,synth_hospital seed 20260927,,2026-09-25T00:00:00Z,SYNTH
M100031,H001,CENT,SY260900399,2280.0,0,0,2028-06-04,,,synth_hospital seed 20260927,,2026-09-25T00:00:00Z,SYNTH
M100031,H001,ABLK,SY260700398,163.0,0,0,2028-06-06,,,synth_hospital seed 20260927,,2026-09-25T00:00:00Z,SYNTH
M100031,H001,ABLK,SY260900399,235.0,0,0,2028-06-04,,,synth_hospital seed 20260927,,2026-09-25T00:00:00Z,SYNTH
M100031,H001,BBLK,SY260700398,147.0,0,0,2028-06-06,,,synth_hospital seed 20260927,,2026-09-25T00:00:00Z,SYNTH
M100031,H001,BBLK,SY260900399,257.0,0,0,2028-06-04,,,synth_hospital seed 20260927,,2026-09-25T00:00:00Z,SYNTH
M100032,H001,CENT,SY260900413,9937.0,0,0,2029-08-05,,MFR-MAXWELL-LIFE-SCIENCE-T-5-EB6D1B,synth_hospital seed 20260927,,2026-09-25T00:00:00Z,SYNTH
M100032,H001,ABLK,SY260700412,1173.0,0,0,2029-04-27,,MFR-MAXWELL-LIFE-SCIENCE-T-5-EB6D1B,synth_hospital seed 20260927,,2026-09-25T00:00:00Z,SYNTH
M100032,H001,BBLK,SY260700412,981.0,0,0,2029-04-27,,MFR-MAXWELL-LIFE-SCIENCE-T-5-EB6D1B,synth_hospital seed 20260927,,2026-09-25T00:00:00Z,SYNTH
M100032,H001,BBLK,SY260900413,163.0,0,0,2029-08-05,,MFR-MAXWELL-LIFE-SCIENCE-T-5-EB6D1B,synth_hospital seed 20260927,,2026-09-25T00:00:00Z,SYNTH
M100032,H001,CBLK,SY260700412,173.0,0,0,2029-04-27,,MFR-MAXWELL-LIFE-SCIENCE-T-5-EB6D1B,synth_hospital seed 20260927,,2026-09-25T00:00:00Z,SYNTH
M100032,H001,CBLK,SY260900413,708.0,0,0,2029-08-05,,MFR-MAXWELL-LIFE-SCIENCE-T-5-EB6D1B,synth_hospital seed 20260927,,2026-09-25T00:00:00Z,SYNTH
M100033,H001,CENT,SY260900427,16225.0,0,0,2029-06-21,,,synth_hospital seed 20260927,,2026-09-25T00:00:00Z,SYNTH
M100033,H001,ABLK,SY260700426,1721.0,0,0,2029-05-08,,,synth_hospital seed 20260927,,2026-09-25T00:00:00Z,SYNTH
M100033,H001,BBLK,SY260700426,851.0,0,0,2029-05-08,,,synth_hospital seed 20260927,,2026-09-25T00:00:00Z,SYNTH
M100033,H001,CBLK,SY260700426,178.0,0,0,2029-05-08,,,synth_hospital seed 20260927,,2026-09-25T00:00:00Z,SYNTH
M100034,H001,CENT,SY260900441,1478.0,0,0,2028-05-11,,,synth_hospital seed 20260927,,2026-09-25T00:00:00Z,SYNTH
M100034,H001,ABLK,SY260700440,133.0,0,0,2028-04-08,,,synth_hospital seed 20260927,,2026-09-25T00:00:00Z,SYNTH
M100034,H001,ABLK,SY260900441,58.0,0,0,2028-05-11,,,synth_hospital seed 20260927,,2026-09-25T00:00:00Z,SYNTH
M100034,H001,BBLK,SY260700440,23.0,0,0,2028-04-08,,,synth_hospital seed 20260927,,2026-09-25T00:00:00Z,SYNTH
M100034,H001,BBLK,SY260900441,174.0,0,0,2028-05-11,,,synth_hospital seed 20260927,,2026-09-25T00:00:00Z,SYNTH
M100034,H001,CBLK,SY260700440,21.0,0,0,2028-04-08,,,synth_hospital seed 20260927,,2026-09-25T00:00:00Z,SYNTH
M100034,H001,CBLK,SY260900441,124.0,0,0,2028-05-11,,,synth_hospital seed 20260927,,2026-09-25T00:00:00Z,SYNTH
M100035,H001,CENT,SY260700453,1406.0,0,0,2029-03-20,,,synth_hospital seed 20260927,,2026-09-25T00:00:00Z,SYNTH
M100035,H001,BBLK,SY260700453,1828.0,0,0,2029-03-20,,,synth_hospital seed 20260927,,2026-09-25T00:00:00Z,SYNTH
M100035,H001,CBLK,SY260700453,1325.0,0,0,2029-03-20,,,synth_hospital seed 20260927,,2026-09-25T00:00:00Z,SYNTH
M100036,H001,CENT,SY260700466,242.0,0,0,2029-03-12,,MFR-DANISH-HEALTH-CARE-767C18,synth_hospital seed 20260927,,2026-09-25T00:00:00Z,SYNTH
M100036,H001,CENT,SY260900467,11500.0,0,0,2029-06-02,,MFR-DANISH-HEALTH-CARE-767C18,synth_hospital seed 20260927,,2026-09-25T00:00:00Z,SYNTH
M100036,H001,ABLK,SY260700466,1168.0,0,0,2029-03-12,,MFR-DANISH-HEALTH-CARE-767C18,synth_hospital seed 20260927,,2026-09-25T00:00:00Z,SYNTH
M100036,H001,BBLK,SY260700466,1130.0,0,0,2029-03-12,,MFR-DANISH-HEALTH-CARE-767C18,synth_hospital seed 20260927,,2026-09-25T00:00:00Z,SYNTH
M100036,H001,CBLK,SY260700466,889.0,0,0,2029-03-12,,MFR-DANISH-HEALTH-CARE-767C18,synth_hospital seed 20260927,,2026-09-25T00:00:00Z,SYNTH
M100037,H001,CENT,SY260800480,455.0,0,0,2028-05-17,,,synth_hospital seed 20260927,,2026-09-25T00:00:00Z,SYNTH
M100037,H001,ABLK,SY260800480,237.0,0,0,2028-05-17,,,synth_hospital seed 20260927,,2026-09-25T00:00:00Z,SYNTH
M100037,H001,BBLK,SY260800480,245.0,0,0,2028-05-17,,,synth_hospital seed 20260927,,2026-09-25T00:00:00Z,SYNTH
M100037,H001,CBLK,SY260800480,183.0,0,0,2028-05-17,,,synth_hospital seed 20260927,,2026-09-25T00:00:00Z,SYNTH
M100038,H001,CENT,SY260700491,3788.0,0,0,2029-03-18,,,synth_hospital seed 20260927,,2026-09-25T00:00:00Z,SYNTH
M100038,H001,BBLK,SY260700491,3837.0,0,0,2029-03-18,,,synth_hospital seed 20260927,,2026-09-25T00:00:00Z,SYNTH
M100039,H001,CENT,SY260600501,307.0,0,0,2028-05-03,,,synth_hospital seed 20260927,,2026-09-25T00:00:00Z,SYNTH
M100039,H001,CENT,SY260700502,0,77.0,0,2028-04-30,,,synth_hospital seed 20260927,,2026-09-25T00:00:00Z,SYNTH
M100039,H001,ONCO,SY260600501,8.0,0,0,2028-05-03,,,synth_hospital seed 20260927,,2026-09-25T00:00:00Z,SYNTH
M100039,H001,ONCO,SY260700502,35.0,0,0,2028-04-30,,,synth_hospital seed 20260927,,2026-09-25T00:00:00Z,SYNTH
M100040,H001,CENT,SY260700514,186.0,0,0,2028-04-18,,,synth_hospital seed 20260927,,2026-09-25T00:00:00Z,SYNTH
M100040,H001,CENT,SY260900515,1400.0,0,0,2028-08-15,,,synth_hospital seed 20260927,,2026-09-25T00:00:00Z,SYNTH
M100040,H001,BBLK,SY260700514,188.0,0,0,2028-04-18,,,synth_hospital seed 20260927,,2026-09-25T00:00:00Z,SYNTH
M100040,H001,CBLK,SY260700514,140.0,0,0,2028-04-18,,,synth_hospital seed 20260927,,2026-09-25T00:00:00Z,SYNTH
