FORM_ID,GENERIC,DOSAGE_FORM,STRENGTH,UNIT,CEILING_PRICE,CEILING_SO,NLEM_LEVEL,THERAPEUTIC_CLASS,CATEGORY,PARA19,WHY_CHOSEN
BENZYL-PENICILLIN-86CA1B40,Benzyl Penicillin,Powder for Injection,10 Lac Units,Each Pack,14.92,S.O. 1581(E) dated 25.03.2026,"P,S,T",Anti-infective Medicines,"Para-19 / old antibiotic, injectable",yes,"Para-19 / old antibiotic, injectable: Para-19 Oct-2024 (§4.5, verify). NLEM P,S,T; ceiling Rs 14.92 per Each Pack excl. GST (S.O. 1581(E) dated 25.03.2026)"
ATROPINE-6BCEA471,Atropine,Injection,0.6 mg/mL,1 mL,7.03,S.O. 1575(E) dated 25.03.2026,"P,S,T",Medicines used in Anaesthesia,Para-19 / injectable,yes,"Para-19 / injectable: Para-19 Oct-2024 (§4.5, verify). NLEM P,S,T; ceiling Rs 7.03 per 1 mL excl. GST (S.O. 1575(E) dated 25.03.2026)"
STREPTOMYCIN-4A70DA8C,Streptomycin,Powder for Injection,750 mg,1 Vial,15.51,S.O. 1575(E) dated 25.03.2026,"P,S,T",Anti-infective Medicines,"Para-19 / TB, injectable",yes,"Para-19 / TB, injectable: Para-19 Oct-2024 (§4.5, verify). NLEM P,S,T; ceiling Rs 15.51 per 1 Vial excl. GST (S.O. 1575(E) dated 25.03.2026)"
STREPTOMYCIN-D2FA81E6,Streptomycin,Powder for Injection,1000 mg,1 Vial,16.68,S.O. 1575(E) dated 25.03.2026,"P,S,T",Anti-infective Medicines,"Para-19 / TB, injectable",yes,"Para-19 / TB, injectable: Para-19 Oct-2024 (§4.5, verify). NLEM P,S,T; ceiling Rs 16.68 per 1 Vial excl. GST (S.O. 1575(E) dated 25.03.2026)"
SALBUTAMOL-F30AE0F7,Salbutamol,Tablet,2 mg,1 Tablet,0.27,S.O. 1575(E) dated 25.03.2026,"P,S,T",Medicines acting on the Respiratory tract,Para-19 / respiratory,yes,"Para-19 / respiratory: Para-19 Oct-2024 (§4.5, verify). NLEM P,S,T; ceiling Rs 0.27 per 1 Tablet excl. GST (S.O. 1575(E) dated 25.03.2026)"
SALBUTAMOL-4E228030,Salbutamol,Tablet,4 mg,1 Tablet,0.33,S.O. 1575(E) dated 25.03.2026,"P,S,T",Medicines acting on the Respiratory tract,Para-19 / respiratory,yes,"Para-19 / respiratory: Para-19 Oct-2024 (§4.5, verify). NLEM P,S,T; ceiling Rs 0.33 per 1 Tablet excl. GST (S.O. 1575(E) dated 25.03.2026)"
SALBUTAMOL-98EC1949,Salbutamol,Respirator Solution (Solution for Nebulizer),5 mg/mL,1 mL,1.05,S.O. 1575(E) dated 25.03.2026,"P,S,T",Medicines acting on the Respiratory tract,Para-19 / respiratory,yes,"Para-19 / respiratory: Para-19 Oct-2024 (§4.5, verify). NLEM P,S,T; ceiling Rs 1.05 per 1 mL excl. GST (S.O. 1575(E) dated 25.03.2026)"
PILOCARPINE-9BF60519,Pilocarpine,Drops,2 %,1 mL,16.64,S.O. 1575(E) dated 25.03.2026,"P,S,T",Ophthalmological Medicines,Para-19 / ophthalmic,yes,"Para-19 / ophthalmic: Para-19 Oct-2024 (§4.5, verify). NLEM P,S,T; ceiling Rs 16.64 per 1 mL excl. GST (S.O. 1575(E) dated 25.03.2026)"
CEFADROXIL-6BAADD66,Cefadroxil,Tablet,500 mg,1 Tablet,6.87,S.O. 1575(E) dated 25.03.2026,"P,S,T",Anti-infective Medicines,Para-19 / old antibiotic,yes,"Para-19 / old antibiotic: Para-19 Oct-2024 (§4.5, verify). NLEM P,S,T; ceiling Rs 6.87 per 1 Tablet excl. GST (S.O. 1575(E) dated 25.03.2026)"
DESFERRIOXAMINE-D4E309B9,Desferrioxamine,Powder for Injection,500 mg,1 Vial,289.77,S.O. 1575(E) dated 25.03.2026,"S,T",Antidotes and Other Substances used in Management of Poisonings/Envenomation,Para-19 / injectable,yes,"Para-19 / injectable: Para-19 Oct-2024 (§4.5, verify). NLEM S,T; ceiling Rs 289.77 per 1 Vial excl. GST (S.O. 1575(E) dated 25.03.2026)"
LITHIUM-2AA5768E,Lithium,Tablet,300 mg,1 Tablet,2.51,S.O. 1575(E) dated 25.03.2026,"S,T",Medicines used in treatment of Psychiatric Disorders,Para-19 / psychiatric,yes,"Para-19 / psychiatric: Para-19 Oct-2024 (§4.5, verify). NLEM S,T; ceiling Rs 2.51 per 1 Tablet excl. GST (S.O. 1575(E) dated 25.03.2026)"
BCG-VACCINE-961273DA,BCG Vaccine,As Licensed,,Each Dose (0.10 mL),9.89,S.O. 3006(E) dated 11.06.2026,"P,S,T",Immunologicals,Para-19 / vaccine,yes,"Para-19 / vaccine: Para-19 Dec-2019 (§4.5 example, verify); Para-19 Jun-2026 (order parsed). NLEM P,S,T; ceiling Rs 9.89 per Each Dose (0.10 mL) excl. GST (S.O. 3006(E) dated 11.06.2026)"
CHLOROQUINE-0E9C6F84,Chloroquine,Tablet,150 mg,1 Tablet,1.36,S.O. 1575(E) dated 25.03.2026,"P,S,T",Anti-infective Medicines,Para-19 / anti-malarial,yes,"Para-19 / anti-malarial: Para-19 Dec-2019 (§4.5 example, verify). NLEM P,S,T; ceiling Rs 1.36 per 1 Tablet excl. GST (S.O. 1575(E) dated 25.03.2026)"
DAPSONE-9EAD7BD9,Dapsone,Tablet,100 mg,1 Tablet,0.42,S.O. 1575(E) dated 25.03.2026,"P,S,T",Anti-infective Medicines,Para-19 / anti-leprosy,yes,"Para-19 / anti-leprosy: Para-19 Dec-2019 (§4.5 example, verify). NLEM P,S,T; ceiling Rs 0.42 per 1 Tablet excl. GST (S.O. 1575(E) dated 25.03.2026)"
METRONIDAZOLE-013A41E8,Metronidazole,Tablet,400 mg,1 Tablet,1.56,S.O. 1575(E) dated 25.03.2026,"P,S,T",Anti-infective Medicines,Para-19 / old antibiotic,yes,"Para-19 / old antibiotic: Para-19 Dec-2019 (§4.5 example, verify). NLEM P,S,T; ceiling Rs 1.56 per 1 Tablet excl. GST (S.O. 1575(E) dated 25.03.2026)"
ASCORBIC-ACID-VITAMINC-76AF4E47,Ascorbic Acid (Vitaminc),Tablet,500 mg,1 Tablet,1.58,S.O. 1575(E) dated 25.03.2026,"P,S,T",Vitamins and Minerals,Para-19 / vitamin,yes,"Para-19 / vitamin: Para-19 Dec-2019 (§4.5 example, verify). NLEM P,S,T; ceiling Rs 1.58 per 1 Tablet excl. GST (S.O. 1575(E) dated 25.03.2026)"
MEASLES-RUBELLA-VACCINE-167F0074,Measles Rubella Vaccine,As Licensed,,Each Vial Of 0.5 mL,87.93,S.O. 3006(E) dated 11.06.2026,,,Para-19 / vaccine,yes,Para-19 / vaccine: Para-19 Jun-2026 (order parsed). NLEM n/a; ceiling Rs 87.93 per Each Vial Of 0.5 mL excl. GST (S.O. 3006(E) dated 11.06.2026)
MEASLES-VACCINE-94806A0B,Measles Vaccine,As Licensed,,Each Vial Of 0.5 mL,62.00,S.O. 3006(E) dated 11.06.2026,"P,S,T",Immunologicals,Para-19 / vaccine,yes,"Para-19 / vaccine: Para-19 Jun-2026 (order parsed). NLEM P,S,T; ceiling Rs 62.00 per Each Vial Of 0.5 mL excl. GST (S.O. 3006(E) dated 11.06.2026)"
ANTI-TETANUS-IMMUNOGLOBU-D77E974E,Anti-Tetanus Immunoglobulin,As Licensed,(250 IU),1 Vial,1912.02,S.O. 3005(E) dated 11.06.2026,"P,S,T",Immunologicals,Para-19 / injectable,yes,"Para-19 / injectable: Para-19 Jun-2026 (order parsed). NLEM P,S,T; ceiling Rs 1912.02 per 1 Vial excl. GST (S.O. 3005(E) dated 11.06.2026)"
ANTI-TETANUS-IMMUNOGLOBU-7F67B0A3,Anti-Tetanus Immunoglobulin,As Licensed,(500 IU),1 Vial,2881.19,S.O. 3005(E) dated 11.06.2026,"P,S,T",Immunologicals,Para-19 / injectable,yes,"Para-19 / injectable: Para-19 Jun-2026 (order parsed). NLEM P,S,T; ceiling Rs 2881.19 per 1 Vial excl. GST (S.O. 3005(E) dated 11.06.2026)"
CARBOPLATIN-49C2E049,Carboplatin,Injection,10 mg/mL,1 mL,90.74,S.O. 3004(E) dated 11.06.2026,T,Anti-cancer agents including Immunosuppressives and Medicines used in Palliative Care,Para-19 / oncology injectable,yes,Para-19 / oncology injectable: Para-19 Jun-2026 (order parsed). NLEM T; ceiling Rs 90.74 per 1 mL excl. GST (S.O. 3004(E) dated 11.06.2026)
CISPLATIN-1C3AF2A6,Cisplatin,Injection,1 mg/mL,1 mL,10.89,S.O. 3004(E) dated 11.06.2026,T,Anti-cancer agents including Immunosuppressives and Medicines used in Palliative Care,Para-19 / oncology injectable,yes,Para-19 / oncology injectable: Para-19 Jun-2026 (order parsed). NLEM T; ceiling Rs 10.89 per 1 mL excl. GST (S.O. 3004(E) dated 11.06.2026)
AMOXICILLIN-0D6327FE,Amoxicillin,Capsule,500 mg,1 Capsule,7.54,S.O. 1575(E) dated 25.03.2026,"P,S,T",Anti-infective Medicines,Old antibiotic,no,"Old antibiotic: first-line oral antibiotic, low price. NLEM P,S,T; ceiling Rs 7.54 per 1 Capsule excl. GST (S.O. 1575(E) dated 25.03.2026)"
AMPICILLIN-0FB71DE1,Ampicillin,Powder for Injection,500 mg,1 Vial,14.59,S.O. 1575(E) dated 25.03.2026,"P,S,T",Anti-infective Medicines,"Old antibiotic, injectable",no,"Old antibiotic, injectable: old beta-lactam injection. NLEM P,S,T; ceiling Rs 14.59 per 1 Vial excl. GST (S.O. 1575(E) dated 25.03.2026)"
GENTAMICIN-BC45877A,Gentamicin,Injection,40 mg/mL (2 mL),1 mL,4.96,S.O. 1575(E) dated 25.03.2026,"P,S,T",Anti-infective Medicines,"Old antibiotic, injectable",no,"Old antibiotic, injectable: old aminoglycoside. NLEM P,S,T; ceiling Rs 4.96 per 1 mL excl. GST (S.O. 1575(E) dated 25.03.2026)"
CO-TRIMOXAZOLE-SULPHAMET-933D8B76,Co-Trimoxazole [Sulphamethoxazole (A) + Trimethoprim(B)],Tablet,400 mg (A) + 80 mg (B),1 Tablet,0.93,S.O. 1575(E) dated 25.03.2026,"P,S,T",Anti-infective Medicines,Old antibiotic,no,"Old antibiotic: old antibiotic, very low price. NLEM P,S,T; ceiling Rs 0.93 per 1 Tablet excl. GST (S.O. 1575(E) dated 25.03.2026)"
DOXYCYCLINE-565014F8,Doxycycline,Capsule,100 mg,1 Capsule,3.15,S.O. 1575(E) dated 25.03.2026,"P,S,T",Anti-infective Medicines,Old antibiotic,no,"Old antibiotic: old antibiotic. NLEM P,S,T; ceiling Rs 3.15 per 1 Capsule excl. GST (S.O. 1575(E) dated 25.03.2026)"
ADRENALINE-6742CFF2,Adrenaline,Injection,1 mg/mL,1 mL,12.52,S.O. 1575(E) dated 25.03.2026,"P,S,T",Antiallergics and Medicines used in Anaphylaxis,Injectable,no,"Injectable: emergency injectable, vital. NLEM P,S,T; ceiling Rs 12.52 per 1 mL excl. GST (S.O. 1575(E) dated 25.03.2026)"
OXYTOCIN-8920711D,Oxytocin,Injection,10 IU/mL,1 mL,40.82,S.O. 1575(E) dated 25.03.2026,"P,S,T",Oxytocics and Antioxytocics,Injectable,no,"Injectable: obstetric injectable, vital. NLEM P,S,T; ceiling Rs 40.82 per 1 mL excl. GST (S.O. 1575(E) dated 25.03.2026)"
HEPARIN-5C85406B,Heparin,Injection,5000 IU/mL,1 mL,61.40,S.O. 1575(E) dated 25.03.2026,"S,T",Medicines affecting Blood,Injectable,no,"Injectable: anticoagulant injectable, vital. NLEM S,T; ceiling Rs 61.40 per 1 mL excl. GST (S.O. 1575(E) dated 25.03.2026)"
ISONIAZID-807E2A29,Isoniazid,Tablet,300 mg,1 Tablet,1.32,S.O. 1575(E) dated 25.03.2026,"P,S,T",Anti-infective Medicines,TB,no,"TB: TB programme drug, very low price. NLEM P,S,T; ceiling Rs 1.32 per 1 Tablet excl. GST (S.O. 1575(E) dated 25.03.2026)"
RIFAMPICIN-582E5DF4,Rifampicin,Capsule,450 mg,1 Capsule,5.81,S.O. 1575(E) dated 25.03.2026,"P,S,T",Anti-infective Medicines,TB,no,"TB: TB programme drug. NLEM P,S,T; ceiling Rs 5.81 per 1 Capsule excl. GST (S.O. 1575(E) dated 25.03.2026)"
PYRAZINAMIDE-922547E8,Pyrazinamide,Tablet,500 mg,1 Tablet,5.01,S.O. 1575(E) dated 25.03.2026,"P,S,T",Anti-infective Medicines,TB,no,"TB: TB programme drug. NLEM P,S,T; ceiling Rs 5.01 per 1 Tablet excl. GST (S.O. 1575(E) dated 25.03.2026)"
PRIMAQUINE-425B0622,Primaquine,Tablet,7.5 mg,1 Tablet,2.44,S.O. 1575(E) dated 25.03.2026,"P,S,T",Anti-infective Medicines,Anti-malarial,no,"Anti-malarial: anti-malarial, low price. NLEM P,S,T; ceiling Rs 2.44 per 1 Tablet excl. GST (S.O. 1575(E) dated 25.03.2026)"
QUININE-0C5A96AE,Quinine,Injection,300 mg/mL,1 mL,9.73,S.O. 1575(E) dated 25.03.2026,"P,S,T",Anti-infective Medicines,"Anti-malarial, injectable",no,"Anti-malarial, injectable: severe malaria injectable. NLEM P,S,T; ceiling Rs 9.73 per 1 mL excl. GST (S.O. 1575(E) dated 25.03.2026)"
DIGOXIN-905411CD,Digoxin,Tablet,0.25 mg,1 Tablet,1.36,S.O. 1575(E) dated 25.03.2026,"S,T",Cardiovascular Medicines,Cardiac,no,"Cardiac: old cardiac glycoside, low price. NLEM S,T; ceiling Rs 1.36 per 1 Tablet excl. GST (S.O. 1575(E) dated 25.03.2026)"
AMLODIPINE-B4311439,Amlodipine,Tablet,5 mg,1 Tablet,2.56,S.O. 1575(E) dated 25.03.2026,"P,S,T",Cardiovascular Medicines,Cardiac,no,"Cardiac: high-volume cardiac, low price. NLEM P,S,T; ceiling Rs 2.56 per 1 Tablet excl. GST (S.O. 1575(E) dated 25.03.2026)"
ISOSORBIDE-DINITRATE-9935B6B6,Isosorbide Dinitrate,Tablet,5 mg,1 Tablet,0.84,S.O. 1575(E) dated 25.03.2026,"P,S,T",Cardiovascular Medicines,Cardiac,no,"Cardiac: anti-anginal, very low price. NLEM P,S,T; ceiling Rs 0.84 per 1 Tablet excl. GST (S.O. 1575(E) dated 25.03.2026)"
FUROSEMIDE-AB0E6076,Furosemide,Injection,10 mg/mL,1 mL,3.06,S.O. 1575(E) dated 25.03.2026,"P,S,T",Diuretics,"Cardiac, injectable",no,"Cardiac, injectable: loop diuretic injectable. NLEM P,S,T; ceiling Rs 3.06 per 1 mL excl. GST (S.O. 1575(E) dated 25.03.2026)"
BUDESONIDE-F59CE74F,Budesonide,Respirator Solution for use in Nebulizer,0.5 mg/mL,1 mL,12.19,S.O. 1575(E) dated 25.03.2026,"P,S,T","Ear, Nose and Throat Medicines",Respiratory,no,"Respiratory: nebulised steroid. NLEM P,S,T; ceiling Rs 12.19 per 1 mL excl. GST (S.O. 1575(E) dated 25.03.2026)"
